order_id,session_id,user_id,order_ts,gross_amount,discount_amount,shipping_amount,net_amount,payment_method,total_items,distinct_products,top_category,category_mix,average_rating,total_cost,margin_proxy,log_net_amount,is_revenue_outlier,net_amount_capped
O0000001,S0000015,U000739,2026-01-12T14:51:51,4145.06,49.97,0.0,4095.09,UPI,5,3,Sports,"{'Sports': 1, 'Home': 1, 'Books': 1}",4.233333333333333,1463.71,2631.38,8.317788139134198,False,4095.09
O0000002,S0000060,,2025-11-19T07:56:21,4302.5,151.09,0.0,4151.41,NetBanking,5,3,Books,"{'Books': 1, 'Sports': 1, 'Fashion': 1}",3.9,1730.09,2421.3199999999997,8.331444167562024,False,4151.41
O0000003,S0000073,,2025-12-08T05:40:42,7199.78,596.95,0.0,6602.83,NetBanking,2,1,Books,{'Books': 1},4.1,2251.34,4351.49,8.795405062734128,False,6602.83
O0000004,S0000081,U001896,2025-12-09T11:00:54,1262.26,75.4,117.27,1304.13,Wallet,2,1,Electronics,{'Electronics': 1},4.9,307.25,996.8800000000001,7.174057931653602,False,1304.13
O0000005,S0000084,U002032,2025-11-01T02:02:38,13486.98,1087.51,0.0,12399.47,UPI,7,4,Sports,"{'Sports': 3, 'Fashion': 1}",4.1,5195.13,7204.339999999999,9.425489654100625,False,12399.47
O0000006,S0000099,U001732,2025-11-01T07:42:33,15390.66,1308.74,0.0,14081.92,COD,2,1,Beauty,{'Beauty': 1},3.8,4804.17,9277.75,9.55271799457409,False,14081.92
O0000007,S0000108,U000900,2025-10-25T19:37:15,8550.28,662.5,0.0,7887.78,Card,6,3,Fashion,"{'Fashion': 2, 'Beauty': 1}",4.3999999999999995,3174.42,4713.36,8.973196775775072,False,7887.78
O0000008,S0000129,U000899,2026-01-11T12:40:27,4714.45,346.55,0.0,4367.9,NetBanking,4,2,Fashion,"{'Fashion': 1, 'Sports': 1}",3.9000000000000004,1593.56,2774.3399999999997,8.382266540156644,False,4367.9
O0000009,S0000154,,2026-01-04T13:54:35,7305.27,800.62,0.0,6504.65,Wallet,4,2,Beauty,"{'Beauty': 1, 'Electronics': 1}",3.8499999999999996,2569.37,3935.2799999999997,8.780426309090672,False,6504.65
O0000010,S0000165,U000486,2025-12-15T13:59:08,7847.5,429.33,0.0,7418.17,Wallet,4,2,Fashion,"{'Fashion': 1, 'Beauty': 1}",4.55,1976.9,5441.27,8.911822470066372,False,7418.17
O0000011,S0000170,U000601,2025-10-26T20:08:08,5515.6,593.48,0.0,4922.12,Card,5,4,Sports,"{'Sports': 2, 'Electronics': 1, 'Fashion': 1}",3.9,2588.98,2333.14,8.501697754841992,False,4922.12
O0000012,S0000194,U001883,2025-12-27T19:04:46,5325.84,83.63,0.0,5242.21,Card,5,3,Beauty,{'Beauty': 3},3.9,2074.96,3167.25,8.564689185174956,False,5242.21
O0000013,S0000199,,2025-12-05T18:52:42,1175.83,150.72,73.49,1098.6,Wallet,1,1,Books,{'Books': 1},4.2,754.73,343.8699999999999,7.00270175629109,False,1098.6
O0000014,S0000210,,2025-12-24T13:48:46,6381.79,679.72,0.0,5702.07,COD,5,3,Home,"{'Home': 2, 'Sports': 1}",3.9333333333333336,2003.92,3698.1499999999996,8.648759905322839,False,5702.07
O0000015,S0000212,U002058,2025-12-14T08:53:35,6305.04,442.11,0.0,5862.93,UPI,6,3,Electronics,"{'Electronics': 2, 'Fashion': 1}",3.9333333333333336,2492.7799999999997,3370.1500000000005,8.676575306251037,False,5862.93
O0000016,S0000214,U000816,2025-12-09T17:08:41,12398.07,916.77,0.0,11481.3,Card,6,4,Sports,"{'Sports': 3, 'Electronics': 1}",4.475,4032.5699999999997,7448.73,9.348561998238546,False,11481.3
O0000017,S0000232,U001851,2025-10-30T01:24:17,9975.91,336.48,0.0,9639.43,Card,9,4,Home,"{'Home': 2, 'Sports': 1, 'Beauty': 1}",3.725,2480.87,7158.56,9.173720992418911,False,9639.43
O0000018,S0000233,U002028,2026-01-16T21:31:59,10736.71,0.0,0.0,10736.71,Card,6,3,Electronics,"{'Electronics': 2, 'Beauty': 1}",4.233333333333333,2862.7799999999997,7873.929999999999,9.281517123726408,False,10736.71
O0000019,S0000253,U001569,2025-10-24T15:16:41,14907.5,673.46,0.0,14234.04,Card,8,3,Books,"{'Books': 1, 'Fashion': 1, 'Home': 1}",4.1000000000000005,3280.34,10953.7,9.563461809683602,False,14234.04
O0000020,S0000367,U000257,2026-01-16T21:38:10,2492.46,157.43,0.0,2335.03,Wallet,2,1,Electronics,{'Electronics': 1},5.0,711.86,1623.17,7.756208186331407,False,2335.03
O0000021,S0000369,U000478,2025-12-04T00:18:37,7310.93,543.87,0.0,6767.06,UPI,5,2,Books,"{'Books': 1, 'Sports': 1}",4.15,1562.02,5205.040000000001,8.81996976649499,False,6767.06
O0000022,S0000381,U001985,2026-01-01T11:04:40,10156.76,1010.37,0.0,9146.39,COD,8,4,Electronics,"{'Electronics': 2, 'Books': 1, 'Sports': 1}",4.0,3267.5699999999997,5878.82,9.121223871677577,False,9146.39
O0000023,S0000398,U001342,2025-12-20T11:41:33,2844.6,105.5,0.0,2739.1,Card,3,1,Fashion,{'Fashion': 1},3.9,679.76,2059.34,7.915749695066506,False,2739.1
O0000024,S0000418,U000554,2025-11-24T00:55:35,2019.44,114.25,0.0,1905.19,Wallet,2,1,Beauty,{'Beauty': 1},4.1,486.17,1419.02,7.552861764450524,False,1905.19
O0000025,S0000440,U002170,2025-12-03T23:15:39,2385.74,246.07,0.0,2139.67,NetBanking,2,1,Electronics,{'Electronics': 1},3.4,711.97,1427.7,7.668874143127443,False,2139.67
O0000026,S0000449,U001606,2026-01-03T17:32:43,11737.28,191.31,0.0,11545.97,UPI,6,4,Electronics,"{'Electronics': 3, 'Beauty': 1}",3.95,4331.28,7214.69,9.354178343871059,False,11545.97
O0000027,S0000459,U000962,2026-01-10T05:24:03,12162.84,705.99,0.0,11456.85,Card,8,4,Fashion,"{'Fashion': 2, 'Sports': 1, 'Books': 1}",3.775,4011.6499999999996,7445.200000000001,9.346430363592903,False,11456.85
O0000028,S0000464,U000417,2025-12-04T08:06:09,11102.4,1402.8,0.0,9699.6,UPI,3,1,Fashion,{'Fashion': 1},4.9,1814.54,7885.06,9.179943018248593,False,9699.6
O0000029,S0000472,,2025-10-31T03:23:27,11948.32,614.57,0.0,11333.75,UPI,11,4,Sports,"{'Sports': 3, 'Electronics': 1}",4.3,2159.19,9174.56,9.33562850711834,False,11333.75
O0000030,S0000476,U001922,2026-01-09T19:08:10,4106.69,430.0,0.0,3676.69,NetBanking,2,2,Fashion,"{'Fashion': 1, 'Sports': 1}",4.1,2492.65,1184.04,8.210040116674625,False,3676.69
O0000031,S0000489,,2025-12-15T07:27:34,11250.42,569.38,0.0,10681.04,UPI,6,2,Sports,"{'Sports': 1, 'Beauty': 1}",3.7,2304.86,8376.18,9.276319105509817,False,10681.04
O0000032,S0000492,U000574,2025-10-25T11:05:02,10658.05,1573.96,0.0,9084.09,Wallet,6,4,Books,"{'Books': 1, 'Beauty': 1, 'Fashion': 1, 'Home': 1}",4.3,3510.05,5574.04,9.114389887220389,False,9084.09
O0000033,S0000513,U000891,2025-12-11T14:31:30,13310.55,1423.02,0.0,11887.53,UPI,6,4,Fashion,"{'Fashion': 1, 'Electronics': 1, 'Beauty': 1, 'Sports': 1}",4.125,4448.09,7439.4400000000005,9.383329348736302,False,11887.53
O0000034,S0000523,,2025-12-11T00:54:47,896.95,74.18,118.2,940.97,Wallet,1,1,Beauty,{'Beauty': 1},3.1,618.04,322.93000000000006,6.847973426935474,False,940.97
O0000035,S0000531,U001231,2025-12-24T02:38:13,11957.27,1283.05,0.0,10674.22,COD,8,4,Home,"{'Home': 2, 'Books': 1, 'Sports': 1}",4.275,3675.8599999999997,6998.36,9.275680446783761,False,10674.22
O0000036,S0000544,U001066,2026-01-03T07:44:32,1269.09,68.46,93.11,1293.74,NetBanking,1,1,Electronics,{'Electronics': 1},4.1,854.8,438.94000000000005,7.16606518177543,False,1293.74
O0000037,S0000561,U000486,2025-11-18T20:49:30,18545.91,834.05,0.0,17711.86,COD,9,4,Beauty,"{'Beauty': 2, 'Sports': 1, 'Electronics': 1}",4.175,4769.389999999999,12942.470000000001,9.782046208421892,False,17711.86
O0000038,S0000572,U000269,2025-11-17T12:31:43,15788.48,1018.19,0.0,14770.29,UPI,7,4,Home,"{'Home': 2, 'Books': 1, 'Electronics': 1}",3.975,3970.66,10799.630000000001,9.600440710912663,False,14770.29
O0000039,S0000597,,2025-11-01T18:22:05,1224.26,167.0,67.62,1124.88,COD,2,1,Books,{'Books': 1},3.7,417.54,707.3400000000001,7.026320231084386,False,1124.88
O0000040,S0000607,U000040,2026-01-18T07:26:40,8334.52,617.84,0.0,7716.68,COD,5,3,Books,"{'Books': 1, 'Beauty': 1, 'Fashion': 1}",4.233333333333333,4159.62,3557.0600000000004,8.951269079719484,False,7716.68
O0000041,S0000634,U001498,2025-11-11T16:13:32,4119.56,654.46,0.0,3465.1,UPI,3,3,Sports,"{'Sports': 2, 'Beauty': 1}",4.166666666666667,2068.16,1396.94,8.1507853215616,False,3465.1
O0000042,S0000636,U000205,2025-11-23T19:54:59,3639.96,172.59,0.0,3467.37,Card,3,2,Home,"{'Home': 1, 'Sports': 1}",3.75,1474.61,1992.76,8.151440021944206,False,3467.37
O0000043,S0000648,U001360,2025-12-29T22:15:01,3180.36,189.03,0.0,2991.33,UPI,2,1,Electronics,{'Electronics': 1},4.4,985.09,2006.2399999999998,8.003807627130065,False,2991.33
O0000044,S0000652,,2025-11-25T16:31:09,6203.61,312.31,0.0,5891.3,Wallet,4,3,Books,"{'Books': 1, 'Sports': 1, 'Electronics': 1}",4.233333333333333,2913.45,2977.8500000000004,8.681401692783265,False,5891.3
O0000045,S0000656,U001888,2025-11-22T18:55:38,3995.22,74.53,0.0,3920.69,UPI,4,3,Beauty,"{'Beauty': 1, 'Books': 1, 'Electronics': 1}",4.066666666666666,1770.55,2150.1400000000003,8.274277962326906,False,3920.69
O0000046,S0000667,U001953,2025-12-24T07:02:29,20646.03,937.91,0.0,19708.12,UPI,11,4,Sports,"{'Sports': 3, 'Fashion': 1}",4.2,4615.46,15092.66,9.888836751762929,False,19708.12
O0000047,S0000681,U000749,2025-11-12T10:51:02,7724.67,475.17,0.0,7249.5,NetBanking,7,3,Sports,"{'Sports': 1, 'Home': 1, 'Books': 1}",4.466666666666667,1965.8899999999999,5283.610000000001,8.88882571098795,False,7249.5
O0000048,S0000689,,2025-12-15T17:33:57,2102.3,200.37,0.0,1901.93,UPI,2,1,Electronics,{'Electronics': 1},4.2,474.44,1427.49,7.551150082594377,False,1901.93
O0000049,S0000692,U001298,2025-12-29T03:39:24,2863.94,280.76,0.0,2583.18,COD,2,2,Sports,"{'Sports': 1, 'Electronics': 1}",3.75,1649.6599999999999,933.52,7.8571635219191105,False,2583.18
O0000050,S0000726,U001182,2025-10-23T01:14:39,8028.26,571.14,0.0,7457.12,NetBanking,6,3,Electronics,"{'Electronics': 2, 'Books': 1}",3.9333333333333336,2656.64,4800.48,8.917058650713907,False,7457.12
O0000051,S0000730,U000731,2025-11-28T14:04:43,13829.97,1490.68,0.0,12339.29,Card,7,4,Home,"{'Home': 2, 'Sports': 1, 'Books': 1}",3.6,4513.65,7825.640000000001,9.420624797993613,False,12339.29
O0000052,S0000732,U000746,2025-12-15T22:29:17,8049.68,759.84,0.0,7289.84,Wallet,6,3,Electronics,"{'Electronics': 1, 'Books': 1, 'Beauty': 1}",4.3999999999999995,2533.38,4756.46,8.894374044702108,False,7289.84
O0000053,S0000745,U001245,2026-01-11T14:28:36,6731.26,912.3,0.0,5818.96,Wallet,4,2,Electronics,{'Electronics': 2},4.35,2148.96,3670.0,8.669048667849632,False,5818.96
O0000054,S0000752,U001955,2025-12-09T11:25:16,7175.74,646.22,0.0,6529.52,Card,3,3,Beauty,"{'Beauty': 2, 'Electronics': 1}",4.366666666666666,4276.04,2253.4800000000005,8.784241851565524,False,6529.52
O0000055,S0000776,U001280,2025-12-02T13:27:00,7622.86,456.1,0.0,7166.76,NetBanking,5,3,Beauty,"{'Beauty': 1, 'Sports': 1, 'Books': 1}",4.133333333333334,2852.38,4314.38,8.87734847195137,False,7166.76
O0000056,S0000782,U000505,2025-11-26T05:37:11,5767.63,102.03,0.0,5665.6,NetBanking,5,4,Electronics,"{'Electronics': 1, 'Fashion': 1, 'Books': 1, 'Home': 1}",4.0,3064.14,2601.4600000000005,8.642344569595156,False,5665.6
O0000057,S0000785,,2025-11-29T11:38:49,3270.27,189.66,0.0,3080.61,Card,2,2,Fashion,"{'Fashion': 1, 'Books': 1}",4.05,2012.5500000000002,1068.06,8.033207466666038,False,3080.61
O0000058,S0000792,U000653,2025-11-13T23:23:15,8610.28,313.76,0.0,8296.52,COD,6,3,Books,"{'Books': 2, 'Fashion': 1}",4.066666666666666,2426.42,5870.1,9.023711953955793,False,8296.52
O0000059,S0000795,U002141,2025-10-27T16:38:24,2475.67,114.65,0.0,2361.02,Wallet,2,2,Electronics,{'Electronics': 2},4.25,1465.67,895.3499999999999,7.767272464121968,False,2361.02
O0000060,S0000800,U000123,2026-01-14T22:52:55,14303.08,1221.52,0.0,13081.56,Card,5,3,Electronics,"{'Electronics': 1, 'Sports': 1, 'Beauty': 1}",4.133333333333334,4295.57,8785.99,9.479035324515227,False,13081.56
O0000061,S0000815,U000165,2025-10-29T01:48:15,8897.9,704.87,0.0,8193.03,UPI,7,3,Electronics,"{'Electronics': 2, 'Books': 1}",3.966666666666667,2193.94,5999.09,9.011161119315638,False,8193.03
O0000062,S0000832,U001834,2026-01-10T02:16:28,2364.02,233.48,0.0,2130.54,UPI,2,2,Electronics,"{'Electronics': 1, 'Sports': 1}",4.15,1595.1999999999998,535.3400000000001,7.664600002156324,False,2130.54
O0000063,S0000838,U000797,2025-12-23T01:14:43,9723.22,717.12,0.0,9006.1,Card,5,2,Home,"{'Home': 1, 'Electronics': 1}",3.6500000000000004,1881.79,7124.31,9.105768434197962,False,9006.1
O0000064,S0000839,U000336,2025-10-27T07:54:50,7175.75,228.77,0.0,6946.98,UPI,4,2,Sports,"{'Sports': 1, 'Beauty': 1}",4.05,1805.12,5141.86,8.846206248830658,False,6946.98
O0000065,S0000852,U001473,2025-11-12T07:53:45,1504.05,114.7,99.65,1489.0,Card,3,1,Fashion,{'Fashion': 1},4.5,228.34,1260.66,7.306531398939505,False,1489.0
O0000066,S0000874,U001534,2025-11-06T03:28:19,4671.07,217.32,0.0,4453.75,Wallet,5,2,Fashion,{'Fashion': 2},4.4,1303.82,3149.9300000000003,8.401726221607523,False,4453.75
O0000067,S0000875,U001667,2026-01-04T06:37:16,3765.7,263.81,0.0,3501.89,Card,2,1,Beauty,{'Beauty': 1},4.6,1292.07,2209.8199999999997,8.16134362104872,False,3501.89
O0000068,S0000876,,2025-11-19T15:58:49,11048.32,1016.63,0.0,10031.69,COD,8,4,Electronics,"{'Electronics': 2, 'Books': 1, 'Fashion': 1}",4.325,3030.72,7000.970000000001,9.213604040411779,False,10031.69
O0000069,S0000929,,2025-11-30T02:41:21,6045.87,147.04,0.0,5898.83,NetBanking,4,2,Sports,"{'Sports': 1, 'Beauty': 1}",4.35,1605.95,4292.88,8.68267881591937,False,5898.83
O0000070,S0000940,U000622,2026-01-18T12:58:28,8760.95,503.29,0.0,8257.66,UPI,7,3,Home,"{'Home': 2, 'Sports': 1}",4.166666666666667,2471.08,5786.58,9.019017625751797,False,8257.66
O0000071,S0000965,U000691,2025-12-28T18:50:26,3121.68,362.36,0.0,2759.32,Wallet,2,1,Home,{'Home': 1},4.4,706.71,2052.61,7.923101894019424,False,2759.32
O0000072,S0000992,,2025-12-23T06:06:11,14587.05,1621.38,0.0,12965.67,Card,3,2,Books,{'Books': 2},3.75,4089.0699999999997,8876.6,9.470137498007803,False,12965.67
O0000073,S0000997,,2026-01-18T03:43:47,13205.19,1290.75,0.0,11914.44,NetBanking,8,3,Beauty,"{'Beauty': 2, 'Fashion': 1}",4.3,2671.87,9242.57,9.385590317092724,False,11914.44
O0000074,S0001005,U000470,2025-12-14T21:08:44,4882.41,256.79,0.0,4625.62,COD,2,2,Sports,"{'Sports': 1, 'Beauty': 1}",4.3,2567.6400000000003,2057.9799999999996,8.439581858886486,False,4625.62
O0000075,S0001011,,2025-12-20T17:10:01,14032.56,1865.45,0.0,12167.11,UPI,7,3,Electronics,"{'Electronics': 1, 'Beauty': 1, 'Sports': 1}",4.166666666666667,5839.9800000000005,6327.13,9.406573874003461,False,12167.11
O0000076,S0001033,U001143,2026-01-19T07:29:04,9967.89,1029.93,0.0,8937.96,Card,9,4,Sports,"{'Sports': 2, 'Beauty': 1, 'Home': 1}",4.4,3057.12,5880.839999999999,9.098174530304377,False,8937.96
O0000077,S0001059,U001974,2025-11-14T07:34:30,13119.54,1345.8,0.0,11773.74,Card,10,4,Sports,"{'Sports': 2, 'Beauty': 1, 'Electronics': 1}",4.125,3668.38,8105.36,9.373711837961432,False,11773.74
O0000078,S0001076,U001573,2026-01-01T12:13:11,4769.41,347.1,0.0,4422.31,COD,4,3,Fashion,"{'Fashion': 1, 'Beauty': 1, 'Electronics': 1}",3.733333333333333,2602.88,1819.4300000000003,8.394643563587712,False,4422.31
O0000079,S0001096,U001567,2025-10-24T04:01:01,1590.06,154.82,83.94,1519.18,UPI,3,1,Home,{'Home': 1},3.6,246.25,1272.93,7.326584027881735,False,1519.18
O0000080,S0001104,U001318,2025-11-06T22:24:34,3583.89,182.16,0.0,3401.73,Card,4,3,Home,"{'Home': 1, 'Beauty': 1, 'Electronics': 1}",4.1000000000000005,1801.4299999999998,1600.3000000000002,8.132333329595909,False,3401.73
O0000081,S0001107,U001266,2026-01-07T14:09:01,11293.11,1413.75,0.0,9879.36,COD,6,2,Beauty,"{'Beauty': 1, 'Books': 1}",4.55,2113.77,7765.59,9.198304227325057,False,9879.36
O0000082,S0001143,U000564,2025-10-28T12:19:40,2292.21,215.89,0.0,2076.32,Wallet,3,1,Electronics,{'Electronics': 1},4.1,538.54,1537.7800000000002,7.638833880376638,False,2076.32
O0000083,S0001156,,2026-01-01T09:08:25,5564.69,452.11,0.0,5112.58,NetBanking,3,2,Sports,"{'Sports': 1, 'Beauty': 1}",4.25,2529.67,2582.91,8.53965502498533,False,5112.58
O0000084,S0001157,U001417,2025-12-06T00:34:26,656.51,62.8,52.65,646.36,Card,1,1,Sports,{'Sports': 1},3.0,342.41,303.95,6.472902553979381,False,646.36
O0000085,S0001158,U000169,2025-12-01T04:26:15,8276.51,222.03,0.0,8054.48,UPI,7,3,Electronics,"{'Electronics': 2, 'Home': 1}",4.233333333333333,1617.08,6437.4,8.994107884152216,False,8054.48
O0000086,S0001166,U000019,2025-12-21T04:16:33,8603.56,1048.0,0.0,7555.56,Wallet,4,2,Books,{'Books': 2},4.15,2889.56,4666.0,8.9301713391626,False,7555.56
O0000087,S0001177,U000796,2026-01-17T00:42:13,3448.3,192.96,0.0,3255.34,Card,4,2,Books,"{'Books': 1, 'Fashion': 1}",4.300000000000001,931.98,2323.36,8.088359144275193,False,3255.34
O0000088,S0001182,U000638,2026-01-19T01:14:32,16020.81,1607.3,0.0,14413.51,COD,9,4,Sports,"{'Sports': 2, 'Fashion': 1, 'Books': 1}",4.025,3914.22,10499.29,9.575990617125688,False,14413.51
O0000089,S0001187,U001006,2025-12-30T14:22:05,10869.57,481.92,0.0,10387.65,NetBanking,8,4,Sports,"{'Sports': 2, 'Electronics': 1, 'Fashion': 1}",4.275,3041.68,7345.969999999999,9.24846914302377,False,10387.65
O0000090,S0001194,U000301,2025-12-07T08:05:12,11941.93,936.82,0.0,11005.11,UPI,7,4,Books,"{'Books': 1, 'Sports': 1, 'Fashion': 1, 'Electronics': 1}",4.3,4151.5599999999995,6853.550000000001,9.306205852118188,False,11005.11
O0000091,S0001195,U000481,2026-01-05T22:31:20,11532.52,986.94,0.0,10545.58,UPI,8,3,Electronics,"{'Electronics': 1, 'Books': 1, 'Home': 1}",4.2,2991.42,7554.16,9.263556915733446,False,10545.58
O0000092,S0001203,U001135,2026-01-16T00:54:05,7303.42,646.59,0.0,6656.83,COD,4,2,Fashion,"{'Fashion': 1, 'Home': 1}",4.2,1583.17,5073.66,8.803548884615841,False,6656.83
O0000093,S0001206,U000616,2025-10-23T11:51:32,11010.44,336.32,0.0,10674.12,Card,6,3,Fashion,"{'Fashion': 2, 'Electronics': 1}",4.1000000000000005,3201.38,7472.740000000001,9.275671079251442,False,10674.12
O0000094,S0001216,U001583,2026-01-02T07:07:12,2405.2,258.59,0.0,2146.61,Card,4,2,Beauty,"{'Beauty': 1, 'Fashion': 1}",4.35,660.26,1486.3500000000001,7.672110874898162,False,2146.61
O0000095,S0001219,U000967,2025-12-14T01:58:09,11564.94,819.53,0.0,10745.41,UPI,7,3,Electronics,"{'Electronics': 1, 'Sports': 1, 'Books': 1}",4.366666666666667,3207.84,7537.57,9.282327024292552,False,10745.41
O0000096,S0001237,U001411,2025-11-22T20:13:23,6709.47,518.72,0.0,6190.75,Card,6,2,Books,"{'Books': 1, 'Home': 1}",3.95,1536.45,4654.3,8.730973039777481,False,6190.75
O0000097,S0001266,U000013,2025-12-04T17:09:01,6016.23,252.42,0.0,5763.81,UPI,6,4,Beauty,"{'Beauty': 1, 'Home': 1, 'Fashion': 1, 'Sports': 1}",4.0,2433.76,3330.05,8.659527474657882,False,5763.81
O0000098,S0001285,U001276,2025-11-10T05:38:14,6622.62,546.22,0.0,6076.4,Card,4,3,Sports,"{'Sports': 1, 'Electronics': 1, 'Fashion': 1}",4.133333333333333,2618.96,3457.4399999999996,8.712332251920806,False,6076.4
O0000099,S0001307,U001041,2026-01-11T06:13:20,33330.77,1797.14,0.0,31533.63,UPI,8,3,Beauty,"{'Beauty': 1, 'Fashion': 1, 'Books': 1}",4.1000000000000005,7147.81,24385.82,10.358841586033835,True,19970.042499999996
O0000100,S0001324,U002192,2025-12-06T22:53:33,7330.21,961.46,0.0,6368.75,NetBanking,6,3,Books,"{'Books': 2, 'Sports': 1}",3.9,1792.97,4575.78,8.759315501328228,False,6368.75
O0000101,S0001327,U000765,2025-12-22T04:54:50,11185.16,517.93,0.0,10667.23,UPI,9,4,Sports,"{'Sports': 3, 'Fashion': 1}",3.675,3262.08,7405.15,9.27502544487452,False,10667.23
O0000102,S0001330,U000093,2026-01-16T07:19:58,12031.4,1514.46,0.0,10516.94,UPI,6,3,Sports,"{'Sports': 1, 'Beauty': 1, 'Books': 1}",4.333333333333333,2892.19,7624.75,9.260837649626458,False,10516.94
O0000103,S0001369,U002120,2025-12-12T08:27:41,11721.61,150.2,0.0,11571.41,UPI,9,4,Beauty,"{'Beauty': 2, 'Sports': 1, 'Fashion': 1}",4.25,3082.07,8489.34,9.356379095817504,False,11571.41
O0000104,S0001412,,2026-01-07T12:34:18,11363.24,1019.29,0.0,10343.95,Card,5,2,Home,"{'Home': 1, 'Sports': 1}",4.5,2475.24,7868.710000000001,9.244253756915183,False,10343.95
O0000105,S0001421,U001831,2025-11-28T16:50:19,7074.52,480.71,0.0,6593.81,UPI,4,3,Home,"{'Home': 2, 'Sports': 1}",4.233333333333333,3770.93,2822.8800000000006,8.794038255032087,False,6593.81
O0000106,S0001431,U000067,2025-10-28T09:25:31,16425.26,1997.24,0.0,14428.02,UPI,8,4,Electronics,"{'Electronics': 2, 'Fashion': 1, 'Home': 1}",4.475,4321.55,10106.470000000001,9.576996735393738,False,14428.02
O0000107,S0001444,U000568,2026-01-07T00:00:46,8235.92,1086.53,0.0,7149.39,Wallet,4,2,Electronics,"{'Electronics': 1, 'Home': 1}",4.05,2076.39,5073.0,8.87492217965505,False,7149.39
O0000108,S0001446,U001495,2025-12-03T13:23:23,8974.71,556.7,0.0,8418.01,UPI,4,2,Electronics,"{'Electronics': 1, 'Fashion': 1}",4.25,2409.54,6008.47,9.038247523126483,False,8418.01
O0000109,S0001469,U001648,2025-12-25T04:54:21,8640.66,951.66,0.0,7689.0,UPI,2,1,Home,{'Home': 1},3.6,2250.89,5438.110000000001,8.94767606249969,False,7689.0
O0000110,S0001491,U000355,2026-01-07T06:14:07,4985.54,405.63,0.0,4579.91,COD,4,2,Sports,"{'Sports': 1, 'Electronics': 1}",4.35,1452.63,3127.2799999999997,8.429652947328327,False,4579.91
O0000111,S0001517,,2025-11-02T00:24:49,11853.4,747.33,0.0,11106.07,NetBanking,7,3,Books,"{'Books': 2, 'Electronics': 1}",3.9,2872.84,8233.23,9.315337121479123,False,11106.07
O0000112,S0001565,U000663,2025-11-22T06:41:29,9692.38,929.52,0.0,8762.86,NetBanking,4,2,Electronics,"{'Electronics': 1, 'Home': 1}",4.45,2507.6,6255.26,9.07839172614687,False,8762.86
O0000113,S0001583,,2025-11-22T05:11:13,12584.49,631.05,0.0,11953.44,Wallet,9,4,Sports,"{'Sports': 3, 'Electronics': 1}",4.3,3622.09,8331.35,9.388858036469902,False,11953.44
O0000114,S0001592,U000308,2026-01-07T02:13:21,10602.29,789.21,0.0,9813.08,UPI,7,4,Beauty,"{'Beauty': 1, 'Home': 1, 'Sports': 1, 'Electronics': 1}",4.125,3945.0299999999997,5868.05,9.191573368236758,False,9813.08
O0000115,S0001603,U001821,2026-01-05T22:44:47,10560.83,953.98,0.0,9606.85,UPI,6,3,Fashion,"{'Fashion': 2, 'Beauty': 1}",4.166666666666667,3615.51,5991.34,9.170335751647944,False,9606.85
O0000116,S0001607,,2025-12-18T05:47:57,6438.04,403.71,0.0,6034.33,UPI,4,2,Books,"{'Books': 1, 'Fashion': 1}",4.0,1812.97,4221.36,8.70538581306402,False,6034.33
O0000117,S0001610,U001839,2026-01-15T18:30:14,1642.39,60.04,86.06,1668.41,Card,2,2,Electronics,"{'Electronics': 1, 'Beauty': 1}",4.300000000000001,918.82,749.59,7.420225549574806,False,1668.41
O0000118,S0001628,U001498,2025-11-22T01:43:29,1461.47,155.9,57.45,1363.02,Card,1,1,Electronics,{'Electronics': 1},4.0,948.92,414.1,7.218191501052509,False,1363.02
O0000119,S0001646,U000552,2025-12-06T03:15:08,10353.68,1231.5,0.0,9122.18,Card,8,4,Fashion,"{'Fashion': 2, 'Home': 1, 'Sports': 1}",4.1,3063.3199999999997,6058.860000000001,9.11857370650269,False,9122.18
O0000120,S0001654,U000955,2025-12-26T16:40:31,8491.44,661.4,0.0,7830.04,Wallet,6,2,Beauty,"{'Beauty': 1, 'Home': 1}",4.6,1373.04,6457.0,8.965850602642375,False,7830.04
O0000121,S0001657,U001195,2026-01-16T11:21:13,8289.96,833.62,0.0,7456.34,Card,5,3,Electronics,"{'Electronics': 2, 'Home': 1}",4.266666666666667,2774.22,4682.120000000001,8.91695406124758,False,7456.34
O0000122,S0001685,U001941,2025-11-17T12:20:18,7931.36,601.21,0.0,7330.15,Card,5,2,Books,"{'Books': 1, 'Sports': 1}",3.95,2068.54,5261.61,8.899887672070053,False,7330.15
O0000123,S0001686,U001883,2025-12-14T04:15:17,3029.16,122.28,0.0,2906.88,COD,3,1,Beauty,{'Beauty': 1},4.1,486.17,2420.71,7.975179572327414,False,2906.88
O0000124,S0001687,U000767,2025-11-16T07:36:48,7035.64,598.17,0.0,6437.47,UPI,5,3,Beauty,"{'Beauty': 1, 'Electronics': 1, 'Home': 1}",4.266666666666667,2625.01,3812.46,8.77004621323261,False,6437.47
O0000125,S0001705,U001931,2025-12-24T22:01:04,4138.01,246.68,0.0,3891.33,Card,3,3,Beauty,"{'Beauty': 1, 'Books': 1, 'Electronics': 1}",4.333333333333333,2252.59,1638.7399999999998,8.266763229022894,False,3891.33
O0000126,S0001741,U000520,2026-01-05T17:46:30,9979.39,690.94,0.0,9288.45,UPI,9,4,Beauty,"{'Beauty': 1, 'Books': 1, 'Home': 1, 'Fashion': 1}",4.3,2695.54,6592.910000000001,9.136634626610727,False,9288.45
O0000127,S0001742,U001032,2025-12-06T17:57:22,18268.5,640.02,0.0,17628.48,COD,4,2,Beauty,"{'Beauty': 1, 'Sports': 1}",3.8499999999999996,5498.1900000000005,12130.289999999999,9.777327779778252,False,17628.48
O0000128,S0001745,U000670,2025-11-11T21:48:04,5987.64,547.05,0.0,5440.59,Card,5,2,Beauty,"{'Beauty': 1, 'Books': 1}",3.6,1725.48,3715.11,8.601826576556446,False,5440.59
O0000129,S0001768,U001632,2025-12-04T19:04:00,4399.7,306.11,0.0,4093.59,Card,5,2,Electronics,"{'Electronics': 1, 'Books': 1}",4.25,1154.9099999999999,2938.6800000000003,8.317421869174495,False,4093.59
O0000130,S0001770,U001384,2025-12-19T04:34:28,10612.44,596.14,0.0,10016.3,UPI,8,4,Books,"{'Books': 2, 'Sports': 1, 'Beauty': 1}",3.925,3193.0299999999997,6823.2699999999995,9.212068877249852,False,10016.3
O0000131,S0001795,U000780,2026-01-07T19:11:51,7946.98,458.42,0.0,7488.56,NetBanking,7,4,Electronics,"{'Electronics': 2, 'Home': 1, 'Books': 1}",4.325,2607.3,4881.26,8.921265329792385,False,7488.56
O0000132,S0001799,U002070,2025-10-23T20:29:14,2877.45,226.54,0.0,2650.91,Wallet,3,2,Beauty,"{'Beauty': 1, 'Fashion': 1}",4.4,1296.87,1354.04,7.883035414078308,False,2650.91
O0000133,S0001856,U001399,2025-11-15T07:39:59,23457.6,1402.92,0.0,22054.68,Card,8,4,Beauty,"{'Beauty': 2, 'Home': 1, 'Books': 1}",4.075,6887.71,15166.970000000001,10.001325444074626,True,19970.042499999996
O0000134,S0001871,,2025-11-07T11:54:53,8998.37,902.25,0.0,8096.12,Wallet,5,3,Fashion,"{'Fashion': 1, 'Electronics': 1, 'Sports': 1}",3.9333333333333336,3017.54,5078.58,8.99926372188011,False,8096.12
O0000135,S0001876,U001605,2025-11-30T05:34:23,8146.37,409.51,0.0,7736.86,UPI,3,2,Books,"{'Books': 1, 'Sports': 1}",3.95,3016.08,4720.78,8.953880442566417,False,7736.86
O0000136,S0001878,U002152,2026-01-04T08:58:07,4004.99,185.03,0.0,3819.96,NetBanking,3,3,Books,"{'Books': 1, 'Electronics': 1, 'Fashion': 1}",4.1000000000000005,2142.58,1677.38,8.248256978928353,False,3819.96
O0000137,S0001889,,2025-12-29T03:59:41,2559.52,137.33,0.0,2422.19,UPI,1,1,Books,{'Books': 1},4.9,1562.92,859.27,7.792840132929999,False,2422.19
O0000138,S0001913,U002113,2025-10-30T13:07:45,14753.08,1274.08,0.0,13479.0,UPI,5,3,Fashion,"{'Fashion': 1, 'Sports': 1, 'Electronics': 1}",4.133333333333334,5276.67,8202.33,9.508962384466297,False,13479.0
O0000139,S0001917,U002023,2025-10-21T18:48:03,16571.25,1133.19,0.0,15438.06,UPI,9,4,Electronics,"{'Electronics': 2, 'Sports': 1, 'Fashion': 1}",4.475,3870.8599999999997,11567.2,9.644655940896438,False,15438.06
O0000140,S0001923,U000360,2025-11-03T11:31:11,1665.31,110.16,73.88,1629.03,Card,1,1,Beauty,{'Beauty': 1},3.6,1034.12,594.9100000000001,7.396353698539415,False,1629.03
O0000141,S0001924,U001114,2025-11-20T18:37:47,1647.56,166.15,112.4,1593.81,Wallet,3,2,Electronics,"{'Electronics': 1, 'Home': 1}",3.6,596.31,997.5,7.374509885866272,False,1593.81
O0000142,S0001930,U000336,2025-12-05T01:04:40,8824.22,413.32,0.0,8410.9,Card,4,2,Books,"{'Books': 1, 'Home': 1}",3.15,2126.72,6284.18,9.037402648972567,False,8410.9
O0000143,S0001945,U001382,2025-12-24T07:54:55,3162.4,217.17,0.0,2945.23,NetBanking,4,2,Electronics,"{'Electronics': 1, 'Sports': 1}",3.2,1054.38,1890.85,7.988281665937101,False,2945.23
O0000144,S0001961,U002181,2025-12-11T02:48:12,11159.05,445.24,0.0,10713.81,Card,5,3,Books,"{'Books': 2, 'Sports': 1}",3.9,3561.94,7151.869999999999,9.27938217559927,False,10713.81
O0000145,S0001968,U001349,2025-12-29T22:18:38,8019.11,890.74,0.0,7128.37,Card,4,2,Sports,{'Sports': 2},4.15,1801.18,5327.19,8.871978150458167,False,7128.37
O0000146,S0001977,U002011,2025-12-20T16:52:29,9898.68,500.74,0.0,9397.94,Card,6,2,Home,"{'Home': 1, 'Fashion': 1}",3.95,1889.4,7508.540000000001,9.14835219594209,False,9397.94
O0000147,S0001981,U000642,2025-12-30T08:18:32,4663.41,306.55,0.0,4356.86,NetBanking,4,3,Sports,"{'Sports': 1, 'Beauty': 1, 'Electronics': 1}",3.5666666666666664,2470.36,1886.4999999999995,8.37973639016065,False,4356.86
O0000148,S0001987,U000235,2025-11-23T05:42:22,15079.67,1015.81,0.0,14063.86,NetBanking,6,3,Electronics,"{'Electronics': 1, 'Beauty': 1, 'Home': 1}",4.1,4094.93,9968.93,9.551434767088425,False,14063.86
O0000149,S0002001,U000692,2025-11-14T02:49:19,2982.36,170.61,0.0,2811.75,NetBanking,4,2,Beauty,"{'Beauty': 1, 'Sports': 1}",4.4,840.82,1970.9299999999998,7.941917931451181,False,2811.75
O0000150,S0002018,,2025-12-15T17:09:04,13561.98,967.19,0.0,12594.79,Wallet,6,2,Beauty,"{'Beauty': 1, 'Electronics': 1}",4.4,2717.25,9877.54,9.441117910122584,False,12594.79
O0000151,S0002032,U000727,2025-10-25T16:06:22,6077.34,413.84,0.0,5663.5,Card,3,3,Sports,"{'Sports': 1, 'Books': 1, 'Beauty': 1}",3.8666666666666667,3462.15,2201.35,8.641973908313544,False,5663.5
O0000152,S0002035,U000347,2025-12-22T18:25:53,19355.87,663.41,0.0,18692.46,COD,8,3,Books,"{'Books': 2, 'Home': 1}",4.166666666666667,3720.1,14972.359999999999,9.835929009051641,False,18692.46
O0000153,S0002037,,2025-11-06T17:34:47,2559.52,96.71,0.0,2462.81,UPI,1,1,Books,{'Books': 1},4.9,1562.92,899.8899999999999,7.809464211290641,False,2462.81
O0000154,S0002043,U000652,2026-01-11T04:42:13,15883.22,1497.61,0.0,14385.61,UPI,9,4,Books,"{'Books': 2, 'Home': 1, 'Sports': 1}",3.8,3135.14,11250.470000000001,9.574053191863952,False,14385.61
O0000155,S0002058,U001766,2026-01-06T19:57:45,4372.36,288.37,0.0,4083.99,Card,4,2,Beauty,"{'Beauty': 1, 'Electronics': 1}",4.05,1135.12,2948.87,8.315074559310691,False,4083.99
O0000156,S0002059,U000987,2025-10-31T17:50:31,10468.58,537.0,0.0,9931.58,Wallet,6,4,Beauty,"{'Beauty': 2, 'Home': 1, 'Books': 1}",3.925,4318.68,5612.9,9.203575542023295,False,9931.58
O0000157,S0002065,,2025-11-21T15:11:42,1908.04,217.69,85.38,1775.73,Card,1,1,Home,{'Home': 1},4.1,1414.9,360.8299999999999,7.482529875135981,False,1775.73
O0000158,S0002082,,2025-11-10T19:44:45,3933.41,166.34,0.0,3767.07,Card,3,2,Home,{'Home': 2},4.6,1580.2800000000002,2186.79,8.234318213018387,False,3767.07
O0000159,S0002087,U002113,2026-01-14T19:42:04,8095.14,663.71,0.0,7431.43,Card,7,4,Home,"{'Home': 2, 'Beauty': 1, 'Sports': 1}",3.85,2941.3,4490.13,8.913608136731703,False,7431.43
O0000160,S0002089,U001728,2025-12-08T03:37:54,12354.15,555.25,0.0,11798.9,Wallet,5,2,Books,"{'Books': 1, 'Fashion': 1}",4.15,2711.5,9087.4,9.375846335841576,False,11798.9
O0000161,S0002113,U001938,2025-12-21T01:33:37,11654.21,790.11,0.0,10864.1,Card,8,4,Sports,"{'Sports': 1, 'Home': 1, 'Books': 1, 'Fashion': 1}",4.15,3493.32,7370.780000000001,9.293311096513799,False,10864.1
O0000162,S0002117,U002167,2026-01-05T07:09:16,786.93,66.2,50.04,770.77,UPI,3,1,Sports,{'Sports': 1},5.0,193.46,577.31,6.648686578174433,False,770.77
O0000163,S0002121,,2026-01-19T06:21:33,14409.59,1339.65,0.0,13069.94,Wallet,8,4,Books,"{'Books': 1, 'Electronics': 1, 'Home': 1, 'Beauty': 1}",3.825,3650.55,9419.39,9.47814672446058,False,13069.94
O0000164,S0002141,U000058,2025-11-30T03:40:46,14589.37,1370.91,0.0,13218.46,UPI,5,2,Fashion,"{'Fashion': 1, 'Books': 1}",4.1,3035.17,10183.289999999999,9.489445265370197,False,13218.46
O0000165,S0002144,,2025-12-07T17:01:19,2864.29,191.96,0.0,2672.33,Wallet,3,2,Sports,"{'Sports': 1, 'Home': 1}",3.35,1098.28,1574.05,7.89108016530888,False,2672.33
O0000166,S0002150,,2025-12-17T14:53:36,2473.17,198.4,0.0,2274.77,NetBanking,2,2,Books,"{'Books': 1, 'Electronics': 1}",4.3,1572.35,702.4200000000001,7.730073735658327,False,2274.77
O0000167,S0002160,U001127,2025-11-23T12:59:48,9449.09,581.09,0.0,8868.0,Card,4,2,Books,{'Books': 2},4.199999999999999,2200.44,6667.5599999999995,9.090317329376452,False,8868.0
O0000168,S0002167,,2025-12-08T08:06:04,3857.37,284.99,0.0,3572.38,UPI,4,2,Beauty,"{'Beauty': 1, 'Electronics': 1}",4.6,1518.51,2053.87,8.1812672055729,False,3572.38
O0000169,S0002180,,2025-12-22T09:58:12,1060.04,110.09,86.66,1036.61,UPI,2,1,Home,{'Home': 1},3.6,246.25,790.3599999999999,6.944675270581081,False,1036.61
O0000170,S0002186,U000768,2025-10-25T19:35:25,6792.32,511.27,0.0,6281.05,UPI,3,2,Sports,"{'Sports': 1, 'Electronics': 1}",4.55,2382.15,3898.9,8.745451639315565,False,6281.05
O0000171,S0002187,U001893,2025-12-16T06:21:15,8784.05,590.79,0.0,8193.26,Wallet,7,4,Electronics,"{'Electronics': 2, 'Books': 1, 'Fashion': 1}",4.4,4003.84,4189.42,9.011189188137951,False,8193.26
O0000172,S0002189,U001820,2026-01-04T05:53:32,4163.77,374.58,0.0,3789.19,COD,4,3,Books,"{'Books': 1, 'Home': 1, 'Beauty': 1}",3.6666666666666665,1487.96,2301.23,8.24017142874603,False,3789.19
O0000173,S0002191,,2026-01-14T21:19:54,10197.84,416.26,0.0,9781.58,NetBanking,8,4,Sports,"{'Sports': 1, 'Electronics': 1, 'Beauty': 1, 'Home': 1}",4.05,3430.14,6351.4400000000005,9.188358531919771,False,9781.58
O0000174,S0002216,U001192,2025-11-26T21:36:38,8094.25,671.84,0.0,7422.41,UPI,4,3,Electronics,"{'Electronics': 2, 'Books': 1}",4.2,4053.77,3368.64,8.912393799325212,False,7422.41
O0000175,S0002234,U001055,2025-11-25T17:56:37,2752.47,237.55,0.0,2514.92,UPI,1,1,Beauty,{'Beauty': 1},3.5,1920.18,594.74,7.830393820812427,False,2514.92
O0000176,S0002240,U001388,2025-11-03T00:57:22,13949.42,784.15,0.0,13165.27,UPI,6,3,Books,"{'Books': 1, 'Electronics': 1, 'Beauty': 1}",3.966666666666667,3879.74,9285.53,9.48541353518501,False,13165.27
O0000177,S0002247,U001304,2025-12-25T13:00:52,4838.1,392.8,0.0,4445.3,Wallet,3,1,Fashion,{'Fashion': 1},4.1,836.82,3608.48,8.399827568630979,False,4445.3
O0000178,S0002264,U000635,2025-12-28T12:21:01,15809.35,810.99,0.0,14998.36,Wallet,10,4,Sports,"{'Sports': 2, 'Books': 1, 'Home': 1}",3.9,4311.88,10686.48,9.615762812507432,False,14998.36
O0000179,S0002267,U000347,2025-11-09T03:24:22,1609.26,92.81,118.96,1635.41,Card,2,1,Sports,{'Sports': 1},3.5,502.35,1133.06,7.400260097011883,False,1635.41
O0000180,S0002274,U001909,2025-12-25T07:13:01,10488.16,696.23,0.0,9791.93,Card,9,4,Sports,"{'Sports': 2, 'Electronics': 1, 'Home': 1}",3.95,2418.58,7373.35,9.189415975732418,False,9791.93
O0000181,S0002278,U002063,2025-12-30T04:02:03,17193.46,1758.89,0.0,15434.57,Wallet,7,3,Electronics,"{'Electronics': 1, 'Books': 1, 'Home': 1}",4.0,3839.71,11594.86,9.644429865311736,False,15434.57
O0000182,S0002293,,2025-11-17T12:05:38,3113.2,201.22,0.0,2911.98,COD,2,1,Electronics,{'Electronics': 1},3.9,1149.49,1762.49,7.976931891161749,False,2911.98
O0000183,S0002295,,2025-11-07T10:12:03,6511.06,188.16,0.0,6322.9,UPI,5,3,Home,"{'Home': 2, 'Electronics': 1}",4.333333333333333,2560.63,3762.2699999999995,8.752091385427615,False,6322.9
O0000184,S0002298,U002193,2026-01-12T08:17:23,14599.54,1637.54,0.0,12962.0,UPI,10,4,Fashion,"{'Fashion': 1, 'Books': 1, 'Home': 1, 'Sports': 1}",4.05,3783.7799999999997,9178.220000000001,9.469854424600042,False,12962.0
O0000185,S0002299,U000227,2025-11-13T13:26:46,2844.6,226.96,0.0,2617.64,Wallet,3,1,Fashion,{'Fashion': 1},3.9,679.76,1937.8799999999999,7.870410378014953,False,2617.64
O0000186,S0002317,U000187,2025-12-01T14:29:39,13821.37,997.22,0.0,12824.15,Card,5,2,Electronics,"{'Electronics': 1, 'Fashion': 1}",4.55,2862.33,9961.82,9.459163365877007,False,12824.15
O0000187,S0002330,U001651,2025-11-19T11:54:05,11767.31,880.79,0.0,10886.52,Card,7,4,Electronics,"{'Electronics': 2, 'Home': 2}",4.025,3926.9700000000003,6959.55,9.295372458128073,False,10886.52
O0000188,S0002346,U001078,2025-12-25T11:06:26,1991.86,69.21,109.59,2032.24,Card,2,1,Home,{'Home': 1},3.0,623.39,1408.85,7.617385858800437,False,2032.24
O0000189,S0002351,U000268,2025-10-26T05:46:16,13326.66,1241.43,0.0,12085.23,NetBanking,12,4,Books,"{'Books': 2, 'Beauty': 1, 'Home': 1}",4.1,2993.9300000000003,9091.3,9.399822067023402,False,12085.23
O0000190,S0002383,U000417,2026-01-18T23:48:08,3065.32,267.73,0.0,2797.59,Card,4,3,Fashion,"{'Fashion': 1, 'Sports': 1, 'Books': 1}",4.5,1210.51,1587.0800000000002,7.9368709979000505,False,2797.59
O0000191,S0002386,U000215,2025-11-01T19:18:39,11871.9,817.8,0.0,11054.1,Card,5,3,Fashion,"{'Fashion': 1, 'Books': 1, 'Sports': 1}",3.9333333333333336,3702.7400000000002,7351.360000000001,9.310647138931323,False,11054.1
O0000192,S0002388,U000680,2026-01-10T14:53:30,8184.95,594.86,0.0,7590.09,Card,8,4,Electronics,"{'Electronics': 2, 'Fashion': 1, 'Beauty': 1}",4.475,2284.98,5305.110000000001,8.93473047009192,False,7590.09
O0000193,S0002400,U001827,2025-11-16T19:05:10,4078.11,157.24,0.0,3920.87,Card,4,3,Home,"{'Home': 2, 'Fashion': 1}",3.3666666666666667,1896.0900000000001,2024.7799999999997,8.274323859853038,False,3920.87
O0000194,S0002408,U001481,2025-11-03T14:13:36,7206.87,430.76,0.0,6776.11,Card,5,3,Books,"{'Books': 1, 'Beauty': 1, 'Fashion': 1}",4.2,2932.16,3843.95,8.821306036375198,False,6776.11
O0000195,S0002419,U001534,2025-11-29T02:15:29,9206.87,657.32,0.0,8549.55,COD,7,3,Sports,"{'Sports': 1, 'Home': 1, 'Beauty': 1}",4.266666666666667,2719.13,5830.419999999999,9.053750887347261,False,8549.55
O0000196,S0002424,U001192,2025-11-24T19:38:30,28193.77,1419.33,0.0,26774.44,UPI,8,4,Sports,"{'Sports': 2, 'Books': 1, 'Home': 1}",4.0,5674.75,21099.69,10.195240328420889,True,19970.042499999996
O0000197,S0002433,,2026-01-03T03:33:14,6258.07,399.91,0.0,5858.16,Card,5,2,Electronics,"{'Electronics': 1, 'Fashion': 1}",3.95,1198.48,4659.68,8.675761527586326,False,5858.16
O0000198,S0002449,U000661,2025-12-18T05:15:03,17537.7,742.29,0.0,16795.41,Wallet,7,3,Electronics,"{'Electronics': 1, 'Books': 1, 'Sports': 1}",4.433333333333334,4626.3,12169.11,9.728920452080096,False,16795.41
O0000199,S0002453,U002018,2025-10-26T12:56:45,7693.4,928.18,0.0,6765.22,Card,7,4,Electronics,"{'Electronics': 2, 'Fashion': 1, 'Books': 1}",4.25,3099.84,3665.38,8.819697864330806,False,6765.22
O0000200,S0002455,U001533,2025-12-29T22:49:47,10827.87,208.17,0.0,10619.7,NetBanking,10,4,Home,"{'Home': 2, 'Electronics': 1, 'Books': 1}",3.95,2653.0,7966.700000000001,9.270560205994737,False,10619.7
O0000201,S0002469,U000970,2025-12-17T00:16:57,11259.28,1272.71,0.0,9986.57,UPI,6,3,Sports,"{'Sports': 1, 'Fashion': 1, 'Home': 1}",3.966666666666667,2606.32,7380.25,9.20909659881092,False,9986.57
O0000202,S0002476,U002191,2025-11-15T07:58:50,9995.77,355.07,0.0,9640.7,Card,6,4,Sports,"{'Sports': 2, 'Fashion': 1, 'Beauty': 1}",3.975,3957.74,5682.960000000001,9.173852720604732,False,9640.7
O0000203,S0002499,U002160,2025-11-02T17:13:55,4377.71,531.45,0.0,3846.26,NetBanking,5,2,Electronics,"{'Electronics': 1, 'Books': 1}",3.95,891.98,2954.28,8.255116485599794,False,3846.26
O0000204,S0002502,U000742,2025-11-12T20:34:27,7900.99,811.11,0.0,7089.88,Wallet,5,2,Books,"{'Books': 1, 'Fashion': 1}",4.25,2245.3,4844.58,8.86656473030084,False,7089.88
O0000205,S0002522,U002185,2025-12-05T05:10:39,6572.56,144.0,0.0,6428.56,COD,4,3,Beauty,"{'Beauty': 1, 'Home': 1, 'Fashion': 1}",4.333333333333333,2949.2,3479.3600000000006,8.768661385652331,False,6428.56
O0000206,S0002538,U000391,2025-12-05T11:09:40,16396.77,815.49,0.0,15581.28,Card,8,4,Home,"{'Home': 2, 'Books': 1, 'Sports': 1}",3.9749999999999996,4946.95,10634.330000000002,9.653889650181286,False,15581.28
O0000207,S0002544,U000495,2025-12-21T21:54:50,3700.2,306.45,0.0,3393.75,UPI,2,1,Electronics,{'Electronics': 1},3.7,842.35,2551.4,8.129985399578905,False,3393.75
O0000208,S0002559,U000969,2025-11-01T18:56:57,2435.22,265.79,0.0,2169.43,Wallet,3,1,Books,{'Books': 1},4.0,438.84,1730.59,7.682680583586091,False,2169.43
O0000209,S0002561,U000494,2025-10-23T15:58:25,9323.89,559.58,0.0,8764.31,Card,8,4,Books,"{'Books': 2, 'Electronics': 1, 'Fashion': 1}",4.775,2874.25,5890.0599999999995,9.078557164670578,False,8764.31
O0000210,S0002564,,2025-12-23T19:21:01,2083.85,160.49,0.0,1923.36,Wallet,1,1,Electronics,{'Electronics': 1},3.5,1550.51,372.8499999999999,7.562348723909834,False,1923.36
O0000211,S0002572,U001563,2025-12-25T08:54:28,9822.85,503.62,0.0,9319.23,Card,7,4,Books,"{'Books': 2, 'Home': 1, 'Electronics': 1}",3.95,3214.38,6104.849999999999,9.139942585486725,False,9319.23
O0000212,S0002574,U000740,2025-12-06T02:22:14,2002.05,116.44,0.0,1885.61,Card,1,1,Beauty,{'Beauty': 1},4.1,1463.06,422.54999999999995,7.54253684674236,False,1885.61
O0000213,S0002576,U000392,2025-10-25T15:12:32,10590.6,1150.48,0.0,9440.12,UPI,7,4,Home,"{'Home': 2, 'Books': 1, 'Beauty': 1}",3.8000000000000003,3731.83,5708.290000000001,9.152829896169692,False,9440.12
O0000214,S0002594,U000958,2025-12-09T17:12:47,9715.05,603.13,0.0,9111.92,Wallet,6,2,Home,"{'Home': 1, 'Books': 1}",4.45,1871.5,7240.42,9.117448465789757,False,9111.92
O0000215,S0002605,U001068,2025-10-25T01:35:24,11550.98,549.78,0.0,11001.2,UPI,6,3,Books,"{'Books': 2, 'Electronics': 1}",3.9666666666666663,3468.35,7532.85,9.305850531783173,False,11001.2
O0000216,S0002614,U000311,2025-11-19T05:11:16,3524.94,286.02,0.0,3238.92,UPI,3,1,Fashion,{'Fashion': 1},4.2,548.27,2690.65,8.083303917123514,False,3238.92
O0000217,S0002649,U000994,2026-01-14T13:45:51,2292.21,96.19,0.0,2196.02,Card,3,1,Electronics,{'Electronics': 1},4.1,538.54,1657.48,7.694857175665888,False,2196.02
O0000218,S0002654,U001347,2025-11-04T04:53:51,5354.52,401.92,0.0,4952.6,COD,5,3,Fashion,"{'Fashion': 1, 'Beauty': 1, 'Books': 1}",4.266666666666667,2508.3999999999996,2444.2000000000007,8.507869863955353,False,4952.6
O0000219,S0002701,U002187,2025-10-26T08:23:37,13507.21,712.0,0.0,12795.21,UPI,9,4,Sports,"{'Sports': 2, 'Electronics': 1, 'Home': 1}",4.2,3516.45,9278.759999999998,9.456904312313299,False,12795.21
O0000220,S0002707,U001610,2025-12-13T17:23:58,13563.06,908.37,0.0,12654.69,Wallet,6,2,Fashion,{'Fashion': 2},4.35,2841.2,9813.490000000002,9.445862195396446,False,12654.69
O0000221,S0002711,U001593,2025-11-26T02:52:30,13474.32,1282.29,0.0,12192.03,COD,9,3,Electronics,"{'Electronics': 1, 'Fashion': 1, 'Books': 1}",4.033333333333333,2650.65,9541.380000000001,9.408619755985352,False,12192.03
O0000222,S0002731,U000252,2025-10-22T10:11:15,1060.87,53.25,41.87,1049.49,Card,1,1,Books,{'Books': 1},3.5,516.81,532.6800000000001,6.9570120009632115,False,1049.49
O0000223,S0002748,U001060,2026-01-05T06:49:27,5506.75,555.58,0.0,4951.17,Card,4,4,Books,"{'Books': 2, 'Sports': 1, 'Beauty': 1}",4.325,3183.42,1767.75,8.507581143339,False,4951.17
O0000224,S0002757,U000956,2025-11-30T21:41:20,7340.43,403.12,0.0,6937.31,NetBanking,7,4,Sports,"{'Sports': 1, 'Fashion': 1, 'Electronics': 1, 'Books': 1}",3.95,3310.96,3626.3500000000004,8.844813507995907,False,6937.31
O0000225,S0002777,U001952,2025-11-09T14:41:43,9079.9,1056.95,0.0,8022.95,Card,6,4,Home,"{'Home': 1, 'Fashion': 1, 'Sports': 1, 'Books': 1}",4.1,3983.38,4039.5699999999997,8.990186098316276,False,8022.95
O0000226,S0002786,U001229,2026-01-16T09:25:01,7791.5,676.82,0.0,7114.68,NetBanking,3,2,Fashion,"{'Fashion': 1, 'Electronics': 1}",4.35,3125.66,3989.0200000000004,8.870056078690832,False,7114.68
O0000227,S0002795,U000509,2025-11-29T19:38:48,9794.22,1021.47,0.0,8772.75,UPI,6,4,Sports,"{'Sports': 2, 'Beauty': 1, 'Fashion': 1}",3.95,3462.4900000000002,5310.26,9.079519588044631,False,8772.75
O0000228,S0002817,U001865,2025-12-21T20:45:14,3971.31,346.06,0.0,3625.25,COD,5,3,Sports,"{'Sports': 1, 'Electronics': 1, 'Fashion': 1}",4.7,1703.58,1921.67,8.195954335435614,False,3625.25
O0000229,S0002829,,2025-12-10T01:49:21,12032.46,1036.53,0.0,10995.93,UPI,9,3,Beauty,"{'Beauty': 1, 'Sports': 1, 'Books': 1}",4.566666666666666,2680.44,8315.49,9.3053714219183,False,10995.93
O0000230,S0002830,,2026-01-13T22:10:01,13160.68,528.45,0.0,12632.23,Card,8,4,Home,"{'Home': 2, 'Electronics': 1, 'Fashion': 1}",4.25,4031.47,8600.76,9.444085922949432,False,12632.23
O0000231,S0002835,,2025-10-22T11:10:40,2268.57,100.72,0.0,2167.85,Card,4,3,Home,"{'Home': 2, 'Sports': 1}",4.033333333333333,1246.62,921.23,7.681952352142245,False,2167.85
O0000232,S0002839,U001283,2025-12-10T17:57:43,2780.06,385.82,0.0,2394.24,NetBanking,1,1,Books,{'Books': 1},3.8,1284.51,1109.7299999999998,7.781238713592719,False,2394.24
O0000233,S0002847,U000454,2025-12-20T05:20:30,3614.5,253.5,0.0,3361.0,Card,2,2,Books,"{'Books': 1, 'Fashion': 1}",3.9,2419.2,941.8000000000002,8.120291313968561,False,3361.0
O0000234,S0002861,,2025-12-05T22:55:07,13286.16,1372.54,0.0,11913.62,UPI,5,2,Home,{'Home': 2},3.8,3246.18,8667.44,9.385521496451876,False,11913.62
O0000235,S0002885,U000047,2026-01-17T14:03:09,5193.8,351.54,0.0,4842.26,Card,4,2,Home,"{'Home': 1, 'Books': 1}",3.5,1694.12,3148.1400000000003,8.485343326694187,False,4842.26
O0000236,S0002900,U001250,2025-12-30T21:55:11,10833.24,640.02,0.0,10193.22,UPI,7,4,Fashion,"{'Fashion': 2, 'Home': 1, 'Books': 1}",4.125,3666.09,6527.129999999999,9.22957617198946,False,10193.22
O0000237,S0002909,U001728,2026-01-11T12:35:11,1373.78,80.37,108.18,1401.59,NetBanking,2,2,Fashion,"{'Fashion': 1, 'Sports': 1}",4.1,703.23,698.3599999999999,7.246075806460968,False,1401.59
O0000238,S0002925,U000367,2025-12-03T08:43:38,8496.59,276.76,0.0,8219.83,Card,7,3,Fashion,"{'Fashion': 2, 'Sports': 1}",3.8666666666666667,1858.69,6361.139999999999,9.014426456188781,False,8219.83
O0000239,S0002941,U000037,2025-11-29T23:36:12,5487.97,500.82,0.0,4987.15,UPI,7,4,Electronics,"{'Electronics': 2, 'Books': 2}",4.2,2004.3,2982.8499999999995,8.514820378520984,False,4987.15
O0000240,S0002949,,2025-12-06T22:09:03,5557.38,653.54,0.0,4903.84,Card,4,2,Home,{'Home': 2},4.25,1601.95,3301.8900000000003,8.497977751691687,False,4903.84
O0000241,S0002953,U001045,2026-01-09T23:45:09,7299.03,374.28,0.0,6924.75,UPI,6,4,Fashion,"{'Fashion': 1, 'Home': 1, 'Books': 1, 'Electronics': 1}",4.525,2990.21,3934.54,8.843001628440263,False,6924.75
O0000242,S0002960,U001452,2025-10-30T18:08:39,3556.57,378.43,0.0,3178.14,Card,2,2,Sports,"{'Sports': 1, 'Books': 1}",4.15,2136.02,1042.12,8.06436599894709,False,3178.14
O0000243,S0002983,U000572,2025-11-06T19:22:07,11355.17,936.24,0.0,10418.93,Card,9,4,Home,"{'Home': 2, 'Books': 1, 'Sports': 1}",3.7,3293.21,7125.72,9.251475597434505,False,10418.93
O0000244,S0002986,U001826,2025-11-11T10:20:17,5119.04,349.24,0.0,4769.8,UPI,2,1,Books,{'Books': 1},4.9,1562.92,3206.88,8.470269284704514,False,4769.8
O0000245,S0002994,U001066,2025-12-27T11:05:45,25746.52,1629.73,0.0,24116.79,Wallet,8,4,Home,"{'Home': 1, 'Electronics': 1, 'Beauty': 1, 'Books': 1}",4.25,5440.719999999999,18676.07,10.09070502143598,True,19970.042499999996
O0000246,S0002997,U001667,2025-12-18T02:45:14,14306.65,1041.34,0.0,13265.31,Card,11,4,Sports,"{'Sports': 2, 'Home': 1, 'Electronics': 1}",3.825,2793.38,10471.93,9.492983017820917,False,13265.31
O0000247,S0003016,U000659,2025-11-21T12:16:17,6692.25,334.48,0.0,6357.77,COD,3,1,Sports,{'Sports': 1},3.6,1607.92,4749.85,8.75759024140429,False,6357.77
O0000248,S0003023,U001284,2025-11-13T16:50:29,19739.88,1819.67,0.0,17920.21,UPI,8,4,Home,"{'Home': 2, 'Electronics': 1, 'Beauty': 1}",4.125,5579.780000000001,12340.429999999998,9.79374020657082,False,17920.21
O0000249,S0003031,U001410,2026-01-17T00:38:25,3075.24,184.29,0.0,2890.95,NetBanking,3,1,Home,{'Home': 1},4.2,547.77,2343.18,7.969686294055892,False,2890.95
O0000250,S0003055,U001327,2025-11-21T07:49:07,6047.5,383.9,0.0,5663.6,UPI,4,2,Home,"{'Home': 1, 'Books': 1}",4.2,1597.37,4066.2300000000005,8.641991561966526,False,5663.6
O0000251,S0003078,U001828,2025-12-09T23:01:46,3894.54,193.45,0.0,3701.09,UPI,5,3,Home,"{'Home': 1, 'Fashion': 1, 'Electronics': 1}",3.966666666666667,1201.89,2499.2,8.216652804021075,False,3701.09
O0000252,S0003080,U001422,2025-12-23T00:49:06,1777.2,172.75,59.56,1664.01,Card,2,1,Home,{'Home': 1},4.3,558.37,1105.6399999999999,7.4175864084025145,False,1664.01
O0000253,S0003115,U001840,2026-01-12T07:21:30,15791.54,490.05,0.0,15301.49,Wallet,4,2,Home,"{'Home': 1, 'Books': 1}",3.6500000000000004,4247.63,11053.86,9.635770839237018,False,15301.49
O0000254,S0003121,,2025-11-14T08:20:47,5595.84,217.44,0.0,5378.4,Wallet,3,2,Fashion,"{'Fashion': 1, 'Sports': 1}",4.6,2401.51,2976.8899999999994,8.59033212277298,False,5378.4
O0000255,S0003122,U000372,2025-11-09T01:18:34,4785.36,198.88,0.0,4586.48,NetBanking,4,4,Books,"{'Books': 2, 'Electronics': 2}",4.050000000000001,3060.37,1526.1099999999997,8.431086132680297,False,4586.48
O0000256,S0003124,U000017,2026-01-15T05:17:35,13413.11,984.36,0.0,12428.75,Wallet,7,3,Home,"{'Home': 2, 'Fashion': 1}",4.166666666666667,3489.29,8939.46,9.427848071671763,False,12428.75
O0000257,S0003148,U000168,2025-12-11T10:37:48,1942.15,241.28,117.35,1818.22,Card,2,2,Beauty,"{'Beauty': 1, 'Fashion': 1}",4.3,1245.85,572.3700000000001,7.5061631167792875,False,1818.22
O0000258,S0003149,U000853,2025-11-27T11:31:37,5237.28,514.3,0.0,4722.98,Card,4,2,Fashion,"{'Fashion': 1, 'Beauty': 1}",4.15,1586.91,3136.0699999999997,8.460406943608037,False,4722.98
O0000259,S0003154,U000741,2025-11-28T21:40:15,16750.62,1831.43,0.0,14919.19,Card,8,4,Home,"{'Home': 1, 'Beauty': 1, 'Books': 1, 'Electronics': 1}",4.325,3879.96,11039.23,9.610470608261117,False,14919.19
O0000260,S0003163,U000713,2025-12-17T04:51:03,9912.84,887.06,0.0,9025.78,UPI,5,2,Books,"{'Books': 1, 'Fashion': 1}",3.45,2644.1499999999996,6381.630000000001,9.107950993670716,False,9025.78
O0000261,S0003168,U000719,2025-12-11T08:00:07,2971.9,381.41,0.0,2590.49,COD,4,2,Fashion,{'Fashion': 2},3.95,874.5300000000001,1715.9599999999996,7.859988278853264,False,2590.49
O0000262,S0003174,U001841,2025-11-14T07:37:37,2371.38,213.78,0.0,2157.6,Wallet,3,1,Electronics,{'Electronics': 1},4.1,551.97,1605.6299999999999,7.677215142391246,False,2157.6
O0000263,S0003177,,2025-11-05T21:59:19,759.8,42.14,57.25,774.91,NetBanking,1,1,Electronics,{'Electronics': 1},4.6,429.55,345.35999999999996,6.654036534075647,False,774.91
O0000264,S0003178,U001180,2026-01-10T13:57:00,6774.57,474.58,0.0,6299.99,Card,6,4,Home,"{'Home': 2, 'Books': 1, 'Beauty': 1}",3.85,2617.31,3682.68,8.748462042891122,False,6299.99
O0000265,S0003179,,2025-11-01T01:32:16,5641.56,247.81,0.0,5393.75,UPI,6,2,Sports,"{'Sports': 1, 'Fashion': 1}",4.15,1211.0,4182.75,8.593181537415575,False,5393.75
O0000266,S0003203,U001561,2025-12-13T13:28:37,33557.83,1793.44,0.0,381172.68,Card,10,4,Fashion,"{'Fashion': 3, 'Beauty': 1}",4.05,7419.87,373752.81,12.851010403257789,True,19970.042499999996
O0000267,S0003221,U002050,2026-01-12T21:19:20,7479.89,657.81,0.0,6822.08,COD,6,3,Beauty,"{'Beauty': 2, 'Electronics': 1}",4.1000000000000005,2159.58,4662.5,8.82806626179432,False,6822.08
O0000268,S0003230,U000538,2025-11-06T14:00:22,11262.48,560.99,0.0,10701.49,Wallet,5,3,Sports,"{'Sports': 2, 'Home': 1}",3.6333333333333333,4771.070000000001,5930.419999999999,9.278231703657534,False,10701.49
O0000269,S0003241,U001252,2025-12-27T06:08:49,2935.69,105.79,0.0,2829.9,Card,4,2,Fashion,{'Fashion': 2},4.2,733.27,2096.63,7.948349961280673,False,2829.9
O0000270,S0003257,U001355,2026-01-05T08:48:13,6315.15,117.48,0.0,6197.67,UPI,7,4,Fashion,"{'Fashion': 1, 'Beauty': 1, 'Electronics': 1, 'Sports': 1}",3.95,2354.03,3843.64,8.732090031892275,False,6197.67
O0000271,S0003264,U002000,2025-11-14T05:44:12,15049.28,940.38,0.0,14108.9,Card,7,4,Books,"{'Books': 2, 'Electronics': 1, 'Home': 1}",4.0,5061.03,9047.869999999999,9.554631957649526,False,14108.9
O0000272,S0003266,U001803,2026-01-16T13:01:37,6153.16,230.82,0.0,5922.34,Card,4,2,Home,"{'Home': 1, 'Beauty': 1}",4.05,1556.7599999999998,4365.58,8.686655757972357,False,5922.34
O0000273,S0003282,U000554,2025-10-24T12:16:17,3448.9,207.07,0.0,3241.83,Card,2,1,Sports,{'Sports': 1},4.2,831.06,2410.77,8.084201684335099,False,3241.83
O0000274,S0003291,U002142,2025-12-15T04:14:34,2568.39,140.18,0.0,2428.21,Card,3,1,Fashion,{'Fashion': 1},4.6,505.86,1922.35,7.795321380596538,False,2428.21
O0000275,S0003299,U001902,2025-11-28T14:29:05,6887.62,365.69,0.0,6521.93,COD,5,3,Sports,"{'Sports': 1, 'Electronics': 1, 'Home': 1}",4.7,2307.8599999999997,4214.070000000001,8.783078940479893,False,6521.93
O0000276,S0003306,U001962,2026-01-05T00:30:27,7227.03,327.0,0.0,6900.03,Card,3,1,Fashion,{'Fashion': 1},4.6,1553.26,5346.7699999999995,8.839425954807211,False,6900.03
O0000277,S0003307,U001750,2025-12-09T10:44:46,6082.99,640.14,0.0,5442.85,UPI,5,2,Home,"{'Home': 1, 'Electronics': 1}",3.8499999999999996,1383.33,4059.5200000000004,8.602241810122104,False,5442.85
O0000278,S0003346,U001819,2025-10-30T02:30:23,10702.24,537.54,0.0,10164.7,UPI,6,4,Home,{'Home': 4},3.55,4162.82,6001.880000000001,9.226774587439603,False,10164.7
O0000279,S0003371,U000194,2026-01-15T22:53:20,2967.29,119.28,0.0,2848.01,Wallet,3,2,Books,"{'Books': 1, 'Beauty': 1}",4.1,1467.81,1380.2000000000003,7.954726844495259,False,2848.01
O0000280,S0003392,U000846,2025-12-04T04:42:27,2804.94,242.71,0.0,2562.23,UPI,2,1,Sports,{'Sports': 1},3.5,700.74,1861.49,7.849023460925397,False,2562.23
O0000281,S0003459,U000638,2025-12-30T08:25:23,8898.93,417.68,0.0,8481.25,UPI,4,3,Sports,"{'Sports': 1, 'Books': 1, 'Electronics': 1}",3.5,4598.6900000000005,3882.5599999999995,9.0457310237808,False,8481.25
O0000282,S0003492,U000831,2025-12-14T02:07:59,8966.27,766.27,0.0,8200.0,Card,8,3,Books,"{'Books': 1, 'Fashion': 1, 'Home': 1}",3.8666666666666667,2066.74,6133.26,9.012011377036412,False,8200.0
O0000283,S0003512,U001863,2025-11-27T14:18:00,3466.09,309.49,0.0,3156.6,Wallet,1,1,Fashion,{'Fashion': 1},4.0,1882.43,1274.1699999999998,8.057567524348638,False,3156.6
O0000284,S0003514,U000798,2025-11-25T16:52:01,8318.16,991.42,0.0,7326.74,UPI,7,4,Beauty,"{'Beauty': 1, 'Home': 1, 'Books': 1, 'Fashion': 1}",4.2,2965.77,4360.969999999999,8.899422425375178,False,7326.74
O0000285,S0003529,,2025-12-20T12:51:03,6973.25,425.24,0.0,6548.01,Card,6,3,Books,"{'Books': 2, 'Sports': 1}",4.333333333333333,2316.5299999999997,4231.4800000000005,8.787069172167568,False,6548.01
O0000286,S0003550,,2026-01-18T16:56:04,1192.87,49.94,97.54,1240.47,Card,1,1,Electronics,{'Electronics': 1},3.4,711.97,528.5,7.124051440338901,False,1240.47
O0000287,S0003553,U001877,2026-01-12T07:29:11,6286.65,466.82,0.0,5819.83,Card,3,1,Books,{'Books': 1},4.2,1152.74,4667.09,8.669198142241253,False,5819.83
O0000288,S0003568,U002099,2025-11-22T22:55:02,6416.72,724.64,0.0,5692.08,UPI,6,3,Home,"{'Home': 2, 'Electronics': 1}",3.5,1981.6399999999999,3710.44,8.647006681197334,False,5692.08
O0000289,S0003584,U001768,2025-12-08T03:03:03,4384.41,212.9,0.0,4171.51,Card,3,1,Electronics,{'Electronics': 1},4.0,948.92,3222.59,8.336273052177816,False,4171.51
O0000290,S0003586,U002080,2025-11-18T08:23:03,4816.83,136.59,0.0,4680.24,NetBanking,5,2,Books,"{'Books': 1, 'Beauty': 1}",3.8499999999999996,1310.79,3369.45,8.451318311081673,False,4680.24
O0000291,S0003634,U000724,2026-01-11T04:06:52,1204.79,87.62,96.14,1213.31,Wallet,2,2,Electronics,"{'Electronics': 1, 'Books': 1}",4.25,708.3299999999999,504.98,7.101931293223097,False,1213.31
O0000292,S0003643,,2025-11-24T15:47:58,8632.63,487.69,0.0,8144.94,UPI,5,2,Books,"{'Books': 1, 'Sports': 1}",4.15,2135.44,6009.5,9.005274922603034,False,8144.94
O0000293,S0003650,U002113,2025-10-27T00:07:57,4182.6,616.3,0.0,3566.3,Wallet,4,2,Fashion,{'Fashion': 2},4.800000000000001,1566.4900000000002,1999.81,8.179564286111644,False,3566.3
O0000294,S0003653,U001663,2026-01-05T18:04:02,2973.7,192.09,0.0,2781.61,Wallet,2,1,Home,{'Home': 1},4.7,1107.02,1674.5900000000001,7.931144615162549,False,2781.61
O0000295,S0003680,U000856,2025-10-24T16:50:38,9251.38,651.54,0.0,8599.84,NetBanking,5,2,Home,"{'Home': 1, 'Fashion': 1}",4.4,2162.59,6437.25,9.059615151890368,False,8599.84
O0000296,S0003707,U000944,2025-11-09T12:23:41,7888.11,855.49,0.0,7032.62,UPI,6,4,Books,"{'Books': 2, 'Electronics': 1, 'Sports': 1}",4.1,3185.87,3846.75,8.858456788259291,False,7032.62
O0000297,S0003723,U002075,2025-11-17T08:51:17,17275.6,1073.69,0.0,16201.91,NetBanking,8,3,Home,"{'Home': 2, 'Electronics': 1}",4.133333333333334,3161.64,13040.27,9.692946134718635,False,16201.91
O0000298,S0003759,U000888,2025-12-17T07:11:17,2020.42,172.53,0.0,1847.89,UPI,2,2,Fashion,"{'Fashion': 1, 'Beauty': 1}",3.45,1278.27,569.6200000000001,7.522340738000338,False,1847.89
O0000299,S0003773,U001688,2025-10-28T08:31:07,11589.97,1474.26,0.0,10115.71,UPI,7,3,Fashion,"{'Fashion': 1, 'Home': 1, 'Books': 1}",4.133333333333334,2890.31,7225.4,9.221943791171151,False,10115.71
O0000300,S0003794,,2025-11-21T16:19:36,4129.25,173.43,0.0,3955.82,NetBanking,5,2,Electronics,"{'Electronics': 1, 'Sports': 1}",4.1,1009.81,2946.01,8.283195951343945,False,3955.82
O0000301,S0003802,U002186,2025-12-16T04:55:15,2288.64,265.11,0.0,2023.53,UPI,2,1,Sports,{'Sports': 1},4.0,629.65,1393.88,7.613092853836121,False,2023.53
O0000302,S0003821,U002199,2025-12-06T08:51:50,3307.72,159.48,0.0,3148.24,Wallet,2,1,Home,{'Home': 1},3.6,1208.7,1939.5399999999997,8.054916432868158,False,3148.24
O0000303,S0003830,U000575,2025-12-09T04:07:46,3025.41,264.58,0.0,2760.83,Wallet,1,1,Sports,{'Sports': 1},3.7,1863.34,897.49,7.923648782473245,False,2760.83
O0000304,S0003835,U001546,2025-10-30T23:30:56,15738.67,1455.47,0.0,14283.2,NetBanking,11,4,Books,"{'Books': 2, 'Fashion': 1, 'Electronics': 1}",3.925,3344.87,10938.330000000002,9.566909310296518,False,14283.2
O0000305,S0003839,U000279,2025-10-28T03:54:51,12825.04,1031.02,0.0,11794.02,NetBanking,7,3,Sports,"{'Sports': 2, 'Electronics': 1}",3.9333333333333336,2958.72,8835.300000000001,9.375432687474081,False,11794.02
O0000306,S0003861,U000994,2026-01-16T13:06:14,3932.12,304.76,0.0,3627.36,Card,3,2,Beauty,"{'Beauty': 1, 'Fashion': 1}",4.449999999999999,1253.68,2373.6800000000003,8.19653603453715,False,3627.36
O0000307,S0003865,,2026-01-18T19:17:04,4262.28,418.3,0.0,3843.98,UPI,2,1,Fashion,{'Fashion': 1},4.7,1199.64,2644.34,8.254523680365748,False,3843.98
O0000308,S0003868,U000168,2025-10-23T11:12:57,3658.87,216.84,0.0,3442.03,Card,3,2,Home,"{'Home': 1, 'Beauty': 1}",4.2,1577.97,1864.0600000000002,8.14410717663196,False,3442.03
O0000309,S0003874,U002087,2025-11-28T10:36:07,5213.82,476.49,0.0,4737.33,UPI,5,3,Sports,"{'Sports': 1, 'Fashion': 1, 'Home': 1}",3.466666666666667,2211.34,2525.99,8.463440031934505,False,4737.33
O0000310,S0003907,U000624,2025-12-16T09:54:59,1713.51,92.35,59.74,1680.9,UPI,1,1,Fashion,{'Fashion': 1},4.3,848.42,832.4800000000001,7.427679385733387,False,1680.9
O0000311,S0003915,,2026-01-16T15:55:43,5499.75,285.89,0.0,5213.86,Wallet,4,2,Electronics,"{'Electronics': 1, 'Books': 1}",4.45,2025.6,3188.2599999999998,8.559267521436938,False,5213.86
O0000312,S0003916,U000445,2025-11-26T00:44:01,3221.23,179.39,0.0,3041.84,Wallet,2,2,Books,"{'Books': 1, 'Home': 1}",4.2,2298.77,743.0700000000002,8.020546568823516,False,3041.84
O0000313,S0003929,U000770,2025-12-10T04:11:58,4026.24,407.39,0.0,3618.85,UPI,4,2,Sports,{'Sports': 2},4.55,1066.03,2552.8199999999997,8.194187867497215,False,3618.85
O0000314,S0003940,U001001,2026-01-14T07:26:26,2050.16,226.63,0.0,1823.53,Card,2,1,Home,{'Home': 1},4.2,547.77,1275.76,7.509077698602378,False,1823.53
O0000315,S0003951,U001639,2025-11-03T19:27:48,1575.5,89.08,99.79,1586.21,UPI,2,1,Books,{'Books': 1},5.0,485.61,1100.6,7.369733036913987,False,1586.21
O0000316,S0003984,,2025-12-04T13:23:27,5174.37,365.45,0.0,4808.92,Card,5,3,Sports,"{'Sports': 2, 'Beauty': 1}",4.3999999999999995,1946.62,2862.3,8.478435730944861,False,4808.92
O0000317,S0003985,,2025-11-20T05:26:42,9868.22,675.19,0.0,9193.03,Card,4,2,Books,"{'Books': 1, 'Fashion': 1}",3.9499999999999997,2465.4700000000003,6727.56,9.126309639358457,False,9193.03
O0000318,S0003986,U000738,2025-12-08T19:10:16,8987.18,358.86,0.0,8628.32,COD,8,4,Sports,"{'Sports': 2, 'Books': 1, 'Home': 1}",4.05,3272.43,5355.889999999999,9.062920986071486,False,8628.32
O0000319,S0003991,U000313,2025-12-25T10:38:54,5173.74,0.0,0.0,5173.74,Card,6,2,Electronics,{'Electronics': 2},4.300000000000001,891.52,4282.219999999999,8.551544375325527,False,5173.74
O0000320,S0004016,U002045,2026-01-14T09:20:30,14923.16,1831.04,0.0,13092.12,UPI,5,2,Sports,{'Sports': 2},3.9,4386.42,8705.7,9.479842180388534,False,13092.12
O0000321,S0004022,U001342,2025-12-18T19:48:27,3401.49,271.77,0.0,3129.72,Wallet,6,2,Electronics,"{'Electronics': 1, 'Sports': 1}",4.15,741.97,2387.75,8.049018289029789,False,3129.72
O0000322,S0004027,U000799,2025-10-29T10:11:41,14223.76,871.61,0.0,13352.15,COD,3,2,Fashion,"{'Fashion': 1, 'Books': 1}",3.65,3757.18,9594.97,9.49950759105156,False,13352.15
O0000323,S0004033,,2026-01-18T18:19:13,14329.94,701.8,0.0,13628.14,UPI,6,3,Home,"{'Home': 1, 'Electronics': 1, 'Sports': 1}",3.766666666666667,3137.36,10490.779999999999,9.519965426588417,False,13628.14
O0000324,S0004044,U001709,2025-12-06T09:33:31,489.18,72.59,105.86,522.45,Card,1,1,Sports,{'Sports': 1},3.2,222.29,300.1600000000001,6.260441514765364,False,522.45
O0000325,S0004066,U001429,2025-11-07T18:50:34,1869.24,78.54,73.86,1864.56,Wallet,2,1,Fashion,{'Fashion': 1},4.0,640.42,1224.1399999999999,7.531316555102988,False,1864.56
O0000326,S0004069,U001692,2025-12-07T04:59:09,13217.02,975.76,0.0,12241.26,Card,7,4,Books,"{'Books': 1, 'Sports': 1, 'Fashion': 1, 'Electronics': 1}",4.025,4603.57,7637.6900000000005,9.41264917954523,False,12241.26
O0000327,S0004071,U001239,2025-11-18T13:57:49,12265.47,576.37,0.0,11689.1,UPI,5,3,Home,"{'Home': 2, 'Books': 1}",3.5,3483.74,8205.36,9.366497608749457,False,11689.1
O0000328,S0004076,U001756,2025-11-20T17:25:44,2385.74,139.08,0.0,2246.66,NetBanking,2,1,Electronics,{'Electronics': 1},3.4,711.97,1534.6899999999998,7.717644954023219,False,2246.66
O0000329,S0004092,U001703,2026-01-04T23:56:23,3025.41,227.16,0.0,2798.25,COD,1,1,Sports,{'Sports': 1},3.7,1863.34,934.9100000000001,7.937106803140306,False,2798.25
O0000330,S0004093,U001025,2025-12-23T17:36:22,2154.05,131.62,0.0,2022.43,Wallet,1,1,Fashion,{'Fashion': 1},4.1,1180.96,841.47,7.6125493701914815,False,2022.43
O0000331,S0004129,U000612,2026-01-11T08:27:09,13730.95,1159.53,0.0,12571.42,Card,7,4,Electronics,"{'Electronics': 2, 'Home': 1, 'Beauty': 1}",4.15,4921.47,7649.95,9.439260804931822,False,12571.42
O0000332,S0004135,U001167,2025-12-19T17:24:20,6918.16,852.83,0.0,6065.33,NetBanking,5,3,Fashion,"{'Fashion': 1, 'Sports': 1, 'Home': 1}",3.9333333333333336,2843.32,3222.0099999999998,8.710509088351406,False,6065.33
O0000333,S0004143,U002103,2025-12-31T10:44:44,17692.22,593.28,0.0,17098.94,Card,10,4,Beauty,"{'Beauty': 2, 'Fashion': 1, 'Electronics': 1}",4.675,3884.71,13214.23,9.746830233712666,False,17098.94
O0000334,S0004150,U000256,2025-12-25T06:15:33,3448.9,229.88,0.0,3219.02,UPI,2,1,Sports,{'Sports': 1},4.2,831.06,2387.96,8.077142849699289,False,3219.02
O0000335,S0004164,U001689,2026-01-11T14:50:30,2279.4,108.48,0.0,2170.92,Card,3,1,Electronics,{'Electronics': 1},4.6,429.55,1741.3700000000001,7.683366847962973,False,2170.92
O0000336,S0004170,U001716,2025-11-30T14:56:35,6819.58,590.15,0.0,6229.43,Card,7,4,Electronics,"{'Electronics': 3, 'Books': 1}",4.0,3199.7200000000003,3029.71,8.737200630266441,False,6229.43
O0000337,S0004171,U001304,2025-11-30T01:39:18,2658.82,296.15,0.0,2362.67,UPI,2,1,Home,{'Home': 1},3.6,642.93,1719.7400000000002,7.7679707748732225,False,2362.67
O0000338,S0004172,U000758,2025-11-04T14:19:05,8243.94,404.16,0.0,7839.78,Wallet,6,3,Sports,"{'Sports': 2, 'Beauty': 1}",4.166666666666667,2268.82,5570.959999999999,8.96709359819159,False,7839.78
O0000339,S0004179,,2025-11-28T17:15:28,12657.34,0.0,0.0,12657.34,UPI,6,3,Sports,"{'Sports': 1, 'Beauty': 1, 'Books': 1}",4.2,2870.73,9786.61,9.446071565458004,False,12657.34
O0000340,S0004184,U001363,2025-11-05T22:05:47,10283.9,1308.11,0.0,8975.79,Wallet,7,4,Fashion,"{'Fashion': 2, 'Books': 1, 'Sports': 1}",4.5,3577.96,5397.830000000001,9.102397636367325,False,8975.79
O0000341,S0004186,U001122,2025-12-30T16:51:53,6413.98,178.89,0.0,6235.09,UPI,5,3,Fashion,"{'Fashion': 1, 'Books': 1, 'Sports': 1}",4.066666666666666,2637.9700000000003,3597.12,8.738108662401938,False,6235.09
O0000342,S0004196,U001495,2025-12-23T01:43:39,3153.22,152.44,0.0,3000.78,COD,2,1,Home,{'Home': 1},4.1,1112.46,1888.3200000000002,8.006960725030954,False,3000.78
O0000343,S0004204,U000178,2025-11-25T09:53:13,3259.82,120.0,0.0,3139.82,Wallet,2,1,Home,{'Home': 1},3.6,784.02,2355.8,8.052239191306303,False,3139.82
O0000344,S0004208,U001567,2025-11-20T11:06:02,11192.72,1470.18,0.0,9722.54,COD,11,4,Books,"{'Books': 1, 'Sports': 1, 'Electronics': 1, 'Home': 1}",4.075,2419.3599999999997,7303.180000000001,9.182305028681526,False,9722.54
O0000345,S0004223,U000142,2025-12-16T23:21:24,5136.9,764.75,0.0,4372.15,Card,3,1,Books,{'Books': 1},4.1,999.72,3372.4299999999994,8.383238852219565,False,4372.15
O0000346,S0004228,U001388,2025-12-28T10:30:08,5617.66,445.6,0.0,5172.06,UPI,6,4,Electronics,"{'Electronics': 2, 'Sports': 2}",4.35,2598.45,2573.6100000000006,8.551219668621734,False,5172.06
O0000347,S0004253,U002120,2025-12-31T16:03:28,3527.49,132.36,0.0,3395.13,Wallet,3,1,Books,{'Books': 1},4.2,754.73,2640.4,8.130391827028365,False,3395.13
O0000348,S0004261,,2026-01-04T10:47:11,9227.39,459.05,0.0,8768.34,Card,8,3,Home,"{'Home': 2, 'Sports': 1}",3.5666666666666664,2159.45,6608.89,9.07901682597787,False,8768.34
O0000349,S0004288,U001750,2025-12-14T09:49:43,4243.34,689.81,0.0,3553.53,UPI,3,2,Home,"{'Home': 1, 'Beauty': 1}",4.75,1773.35,1780.1800000000003,8.175978125339547,False,3553.53
O0000350,S0004337,U000897,2025-12-28T05:33:46,10021.21,723.85,0.0,9297.36,Card,10,4,Books,"{'Books': 2, 'Fashion': 1, 'Home': 1}",3.75,2422.46,6874.900000000001,9.13759331950488,False,9297.36
O0000351,S0004351,U000249,2026-01-07T02:31:55,1114.38,83.27,81.02,1112.13,Card,1,1,Home,{'Home': 1},4.4,818.69,293.44000000000005,7.014931145892344,False,1112.13
O0000352,S0004354,U002192,2026-01-18T19:25:42,18086.45,1554.67,0.0,16531.78,Card,4,3,Home,"{'Home': 1, 'Beauty': 1, 'Books': 1}",3.8000000000000003,6208.18,10323.599999999999,9.713100355742917,False,16531.78
O0000353,S0004372,U001569,2025-11-29T18:28:58,4120.87,354.9,0.0,3765.97,COD,3,2,Sports,"{'Sports': 1, 'Home': 1}",3.8,1711.9299999999998,2054.04,8.23402624376333,False,3765.97
O0000354,S0004382,U000065,2025-12-01T23:31:23,2568.39,295.49,0.0,2272.9,Wallet,3,1,Fashion,{'Fashion': 1},4.6,505.86,1767.04,7.729251697969746,False,2272.9
O0000355,S0004397,U001243,2025-11-07T09:52:13,13841.35,1591.76,0.0,12249.59,Card,9,4,Electronics,"{'Electronics': 2, 'Books': 1, 'Sports': 1}",4.05,4389.14,7860.45,9.413329378078366,False,12249.59
O0000356,S0004407,U000776,2025-12-08T01:20:48,6741.17,434.01,0.0,6307.16,UPI,4,3,Home,"{'Home': 2, 'Books': 1}",4.666666666666667,3307.05,3000.1099999999997,8.749599312377613,False,6307.16
O0000357,S0004418,U001105,2026-01-16T15:30:55,5894.74,404.34,0.0,5490.4,COD,7,4,Beauty,"{'Beauty': 1, 'Sports': 1, 'Electronics': 1, 'Books': 1}",4.525,2468.62,3021.7799999999997,8.610938511101748,False,5490.4
O0000358,S0004422,U001641,2025-11-26T17:41:13,3225.4,359.25,0.0,2866.15,UPI,2,1,Fashion,{'Fashion': 1},4.1,836.82,2029.33,7.961073784012486,False,2866.15
O0000359,S0004439,U000198,2026-01-15T15:01:09,16313.93,246.67,0.0,16067.26,NetBanking,8,3,Sports,"{'Sports': 1, 'Home': 1, 'Fashion': 1}",3.8666666666666667,3276.79,12790.470000000001,9.684601176578031,False,16067.26
O0000360,S0004476,U001745,2025-12-09T08:49:35,11350.99,1158.17,0.0,10192.82,Wallet,10,4,Sports,"{'Sports': 3, 'Fashion': 1}",3.8,3013.34,7179.48,9.229536933298537,False,10192.82
O0000361,S0004482,,2025-11-10T21:42:52,4342.76,405.84,0.0,3936.92,UPI,2,2,Fashion,"{'Fashion': 1, 'Sports': 1}",3.8499999999999996,2895.86,1041.06,8.27840794411207,False,3936.92
O0000362,S0004501,U001483,2026-01-09T23:06:50,1760.7,118.21,118.49,1760.98,COD,2,1,Books,{'Books': 1},4.2,494.83,1266.15,7.474193455693907,False,1760.98
O0000363,S0004534,U001936,2025-10-22T17:41:11,4352.51,185.65,0.0,4166.86,NetBanking,4,2,Beauty,"{'Beauty': 1, 'Fashion': 1}",3.7,1767.17,2399.6899999999996,8.335157993617631,False,4166.86
O0000364,S0004574,U001746,2026-01-04T08:32:18,8659.44,729.85,0.0,7929.59,NetBanking,5,3,Books,"{'Books': 1, 'Fashion': 1, 'Home': 1}",4.433333333333334,2981.2799999999997,4948.31,8.978482712870104,False,7929.59
O0000365,S0004575,U002180,2026-01-05T11:14:05,5393.95,114.79,0.0,5279.16,NetBanking,5,3,Home,"{'Home': 1, 'Beauty': 1, 'Sports': 1}",3.533333333333333,1883.6299999999999,3395.5299999999997,8.571711679271482,False,5279.16
O0000366,S0004582,U001106,2025-11-26T18:13:11,1652.7,136.24,56.46,1572.92,UPI,2,1,Sports,{'Sports': 1},4.5,571.2,1001.72,7.361324601764448,False,1572.92
O0000367,S0004596,U000476,2025-11-20T23:41:53,8364.07,528.86,0.0,7835.21,Card,4,3,Sports,"{'Sports': 1, 'Fashion': 1, 'Books': 1}",3.8333333333333335,3452.8900000000003,4382.32,8.966510578092777,False,7835.21
O0000368,S0004620,U001710,2026-01-02T06:31:40,9199.92,1172.56,0.0,8027.36,COD,8,3,Sports,"{'Sports': 1, 'Books': 1, 'Beauty': 1}",3.6666666666666665,2195.85,5831.51,8.990735551960137,False,8027.36
O0000369,S0004679,U000738,2025-11-21T06:25:05,11667.8,477.73,0.0,11190.07,COD,7,4,Home,"{'Home': 1, 'Sports': 1, 'Electronics': 1, 'Fashion': 1}",3.9,3462.33,7727.74,9.322871417824825,False,11190.07
O0000370,S0004688,U001333,2025-12-10T07:00:50,4262.28,112.87,0.0,4149.41,NetBanking,2,1,Fashion,{'Fashion': 1},4.7,1199.64,2949.7699999999995,8.330962403525545,False,4149.41
O0000371,S0004706,U001712,2025-11-07T21:53:11,6182.76,274.91,0.0,5907.85,Card,4,2,Electronics,"{'Electronics': 1, 'Home': 1}",3.8,1732.94,4174.91,8.684206506017548,False,5907.85
O0000372,S0004715,U000908,2025-12-17T08:38:28,9833.08,659.12,0.0,9173.96,UPI,4,2,Sports,"{'Sports': 1, 'Books': 1}",3.85,3217.7700000000004,5956.189999999999,9.124233313240243,False,9173.96
O0000373,S0004729,U001704,2025-12-11T10:08:51,14851.37,1865.67,0.0,12985.7,UPI,7,4,Fashion,"{'Fashion': 1, 'Books': 1, 'Home': 1, 'Electronics': 1}",4.1,5474.32,7511.380000000001,9.47168103582018,False,12985.7
O0000374,S0004736,U002048,2025-11-26T07:37:38,2495.0,141.29,0.0,2353.71,Card,4,2,Books,"{'Books': 1, 'Home': 1}",4.0,694.76,1658.95,7.764172856617358,False,2353.71
O0000375,S0004778,,2025-11-19T19:34:27,3004.54,290.19,0.0,2714.35,UPI,3,2,Home,"{'Home': 1, 'Fashion': 1}",4.1,1586.8600000000001,1127.4899999999998,7.906676137503243,False,2714.35
O0000376,S0004793,U002036,2025-12-21T08:44:45,8940.57,321.84,0.0,8618.73,UPI,8,3,Books,"{'Books': 1, 'Beauty': 1, 'Electronics': 1}",4.333333333333333,2071.68,6547.049999999999,9.061809040661378,False,8618.73
O0000377,S0004807,U000246,2026-01-11T08:39:04,3578.61,221.72,0.0,3356.89,COD,3,1,Electronics,{'Electronics': 1},3.4,711.97,2644.92,8.119068079507139,False,3356.89
O0000378,S0004814,U001443,2025-12-30T00:19:59,12874.61,1158.74,0.0,11715.87,Card,6,3,Books,"{'Books': 2, 'Sports': 1}",4.733333333333333,3706.1000000000004,8009.77,9.36878496261642,False,11715.87
O0000379,S0004832,U001078,2026-01-16T05:39:14,9041.24,555.25,0.0,8485.99,UPI,6,3,Electronics,"{'Electronics': 1, 'Home': 1, 'Fashion': 1}",4.366666666666667,2890.73,5595.26,9.046289681696331,False,8485.99
O0000380,S0004844,U001223,2025-11-22T19:26:50,10481.75,270.81,0.0,10210.94,UPI,5,2,Electronics,"{'Electronics': 1, 'Home': 1}",4.6,2402.63,7808.31,9.231312902903456,False,10210.94
O0000381,S0004845,U000427,2026-01-18T01:31:12,5721.91,150.68,0.0,5571.23,COD,8,3,Electronics,"{'Electronics': 1, 'Fashion': 1, 'Sports': 1}",4.633333333333334,1379.6499999999999,4191.58,8.62555061186545,False,5571.23
O0000382,S0004851,U002047,2026-01-08T15:30:55,11810.29,1027.54,0.0,10782.75,UPI,6,4,Books,"{'Books': 2, 'Beauty': 1, 'Sports': 1}",3.875,4327.32,6455.43,9.285795650390789,False,10782.75
O0000383,S0004869,U002167,2026-01-13T03:29:09,1331.7,104.32,81.44,1308.82,Card,2,1,Home,{'Home': 1},4.2,418.53,890.29,7.17764500217417,False,1308.82
O0000384,S0004893,U000898,2025-11-18T02:00:40,8150.48,323.27,0.0,7827.21,NetBanking,8,4,Beauty,"{'Beauty': 3, 'Sports': 1}",4.125,1862.35,5964.860000000001,8.965489154931813,False,7827.21
O0000385,S0004898,U002083,2026-01-12T20:14:34,3146.63,160.04,0.0,2986.59,UPI,5,3,Fashion,"{'Fashion': 1, 'Electronics': 1, 'Books': 1}",4.166666666666667,1177.34,1809.2500000000002,8.002222321309015,False,2986.59
O0000386,S0004916,U001134,2025-12-26T16:58:52,23085.99,2216.77,0.0,20869.22,UPI,3,1,Beauty,{'Beauty': 1},3.8,4804.17,16065.050000000001,9.94607854146274,True,19970.042499999996
O0000387,S0004919,U000525,2025-11-19T21:16:20,13210.74,1487.93,0.0,11722.81,Wallet,6,3,Home,"{'Home': 1, 'Sports': 1, 'Electronics': 1}",3.8333333333333335,3329.81,8393.0,9.36937709562645,False,11722.81
O0000388,S0004920,,2025-11-21T06:12:15,5027.22,257.22,0.0,4770.0,Card,6,2,Electronics,"{'Electronics': 1, 'Sports': 1}",4.05,1162.31,3607.69,8.470311205516108,False,4770.0
O0000389,S0004934,U000534,2025-12-28T23:43:37,10179.68,1153.74,0.0,9025.94,UPI,7,4,Fashion,"{'Fashion': 2, 'Sports': 1, 'Books': 1}",3.925,2830.63,6195.31,9.107968718549579,False,9025.94
O0000390,S0004963,U001191,2025-10-31T11:26:53,4316.72,513.83,0.0,3802.89,Wallet,2,2,Books,{'Books': 2},3.6500000000000004,2282.84,1520.0499999999997,8.243779506317631,False,3802.89
O0000391,S0004980,U001704,2025-12-08T23:23:56,12448.26,1742.55,0.0,10705.71,Wallet,6,2,Sports,"{'Sports': 1, 'Books': 1}",4.35,2600.87,8104.839999999999,9.278625926706939,False,10705.71
O0000392,S0004984,U001188,2025-12-12T08:23:28,28357.68,3370.48,0.0,24987.2,UPI,10,4,Beauty,"{'Beauty': 2, 'Books': 2}",4.225,7705.85,17281.35,10.126158992423274,True,19970.042499999996
O0000393,S0004992,U001022,2025-11-25T21:40:39,9572.85,258.53,0.0,9314.32,UPI,8,3,Electronics,"{'Electronics': 1, 'Sports': 1, 'Books': 1}",4.1000000000000005,1913.1999999999998,7401.12,9.139415635639406,False,9314.32
O0000394,S0005018,U000004,2025-11-06T14:06:09,9847.55,693.94,0.0,9153.61,Card,6,3,Electronics,"{'Electronics': 1, 'Sports': 1, 'Fashion': 1}",4.2,3543.23,5610.380000000001,9.12201285652891,False,9153.61
O0000395,S0005026,U001182,2025-10-24T12:12:31,4973.34,642.65,0.0,4330.69,UPI,3,1,Electronics,{'Electronics': 1},4.5,1135.82,3194.87,8.37371304508016,False,4330.69
O0000396,S0005043,U000503,2025-11-15T02:45:30,4247.64,129.66,0.0,4117.98,UPI,2,1,Fashion,{'Fashion': 1},5.0,1265.79,2852.1899999999996,8.32336083887683,False,4117.98
O0000397,S0005069,U000610,2025-12-08T14:49:35,23876.43,1507.22,0.0,22369.21,Wallet,6,3,Beauty,"{'Beauty': 1, 'Electronics': 1, 'Home': 1}",4.233333333333333,6689.780000000001,15679.429999999998,10.015485442012753,True,19970.042499999996
O0000398,S0005070,,2025-12-10T21:40:56,1590.18,158.89,91.46,1522.75,Card,1,1,Electronics,{'Electronics': 1},4.4,985.09,537.66,7.328929680795481,False,1522.75
O0000399,S0005108,U002152,2025-10-26T16:00:14,5507.23,381.6,0.0,5125.63,Card,7,4,Electronics,"{'Electronics': 2, 'Beauty': 1, 'Sports': 1}",4.175,2121.66,3003.9700000000003,8.542203802220305,False,5125.63
O0000400,S0005118,U001118,2026-01-12T19:44:02,12964.67,774.33,0.0,12190.34,UPI,6,4,Books,"{'Books': 1, 'Electronics': 1, 'Home': 1, 'Fashion': 1}",3.85,5156.78,7033.56,9.40848114260287,False,12190.34
O0000401,S0005123,,2025-12-01T01:45:24,9391.29,580.07,0.0,8811.22,Wallet,8,4,Sports,"{'Sports': 2, 'Electronics': 1, 'Beauty': 1}",4.075,2932.51,5878.709999999999,9.083894673566105,False,8811.22
O0000402,S0005135,U000437,2025-10-30T06:59:19,2128.13,121.83,0.0,2006.3,Card,1,1,Electronics,{'Electronics': 1},5.0,1033.3,973.0,7.6045458144568805,False,2006.3
O0000403,S0005141,U000581,2025-11-11T09:04:19,1438.92,155.9,44.22,1327.24,COD,1,1,Sports,{'Sports': 1},3.9,694.02,633.22,7.191610036599531,False,1327.24
O0000404,S0005144,U001086,2025-12-13T19:39:25,8576.76,420.02,0.0,8156.74,Card,8,4,Sports,"{'Sports': 2, 'Fashion': 1, 'Beauty': 1}",4.425,2730.1,5426.639999999999,9.006722448813118,False,8156.74
O0000405,S0005157,U001726,2025-11-02T20:01:46,22586.12,1934.58,0.0,20651.54,UPI,11,4,Books,"{'Books': 2, 'Beauty': 1, 'Home': 1}",4.2,5269.23,15382.310000000001,9.935593593246308,True,19970.042499999996
O0000406,S0005181,U001744,2025-12-12T07:43:19,4167.7,357.06,0.0,3810.64,UPI,2,1,Electronics,{'Electronics': 1},3.5,1550.51,2260.13,8.245814821699586,False,3810.64
O0000407,S0005209,U001926,2025-11-26T16:28:17,444.99,31.79,48.91,462.11,UPI,1,1,Books,{'Books': 1},3.9,278.78,183.33000000000004,6.13796460686186,False,462.11
O0000408,S0005214,U000670,2025-12-19T03:20:38,1796.73,162.31,102.88,1737.3,NetBanking,3,1,Sports,{'Sports': 1},4.2,410.51,1326.79,7.460662903127495,False,1737.3
O0000409,S0005215,U001536,2025-10-30T17:13:45,8367.52,1041.33,0.0,7326.19,UPI,7,3,Electronics,"{'Electronics': 1, 'Sports': 1, 'Beauty': 1}",4.166666666666667,1742.5900000000001,5583.599999999999,8.899347365310032,False,7326.19
O0000410,S0005258,U000943,2025-12-28T16:52:17,9952.48,251.71,0.0,9700.77,UPI,5,3,Beauty,"{'Beauty': 2, 'Fashion': 1}",4.366666666666666,3644.73,6056.040000000001,9.18006362207188,False,9700.77
O0000411,S0005278,U000207,2025-12-27T04:54:16,12046.13,952.46,0.0,11093.67,UPI,9,4,Fashion,"{'Fashion': 1, 'Beauty': 1, 'Electronics': 1, 'Books': 1}",4.15,2887.3900000000003,8206.279999999999,9.314220091796823,False,11093.67
O0000412,S0005282,U002087,2025-10-29T10:37:14,631.13,68.14,47.44,610.43,UPI,1,1,Electronics,{'Electronics': 1},4.9,307.25,303.17999999999995,6.415800475966398,False,610.43
O0000413,S0005286,U001946,2026-01-09T19:28:25,8468.31,841.57,0.0,7626.74,UPI,4,3,Books,"{'Books': 2, 'Electronics': 1}",3.9333333333333336,4125.68,3501.0599999999995,8.939546881189221,False,7626.74
O0000414,S0005289,U001172,2025-12-25T11:30:07,7071.94,346.06,0.0,6725.88,Card,7,3,Home,"{'Home': 1, 'Beauty': 1, 'Electronics': 1}",4.133333333333333,1721.97,5003.91,8.813866719305475,False,6725.88
O0000415,S0005296,U001870,2025-12-03T02:50:50,4460.55,224.88,0.0,4235.67,COD,3,1,Home,{'Home': 1},4.7,1107.02,3128.65,8.351532862297143,False,4235.67
O0000416,S0005319,,2025-11-17T20:34:11,3183.98,78.39,0.0,3105.59,UPI,2,1,Home,{'Home': 1},4.5,923.18,2182.4100000000003,8.04128094059543,False,3105.59
O0000417,S0005332,U000250,2026-01-02T20:11:38,3865.97,477.95,0.0,3388.02,COD,3,2,Books,"{'Books': 1, 'Sports': 1}",4.35,1528.3000000000002,1859.7199999999998,8.128296073035493,False,3388.02
O0000418,S0005341,U000450,2025-11-09T18:11:00,13992.49,539.04,0.0,13453.45,Wallet,10,4,Home,"{'Home': 2, 'Sports': 1, 'Electronics': 1}",4.175000000000001,2986.5699999999997,10466.880000000001,9.50706518532812,False,13453.45
O0000419,S0005356,U001221,2025-12-19T18:53:26,9582.08,672.91,0.0,8909.17,UPI,9,4,Sports,"{'Sports': 2, 'Home': 1, 'Electronics': 1}",3.8,2672.33,6236.84,9.094948599968587,False,8909.17
O0000420,S0005412,U001927,2025-11-28T22:30:51,1608.71,81.06,51.53,1579.18,Card,1,1,Beauty,{'Beauty': 1},4.2,1030.2,548.98,7.365294043582794,False,1579.18
O0000421,S0005415,U001330,2025-11-11T20:43:06,11185.05,672.95,0.0,10512.1,COD,7,4,Sports,"{'Sports': 2, 'Fashion': 1, 'Electronics': 1}",4.025,3028.0699999999997,7484.030000000001,9.260377377563314,False,10512.1
O0000422,S0005438,U001715,2025-12-31T04:43:18,6457.38,386.87,0.0,6070.51,Card,6,4,Fashion,"{'Fashion': 2, 'Sports': 2}",4.325,2413.5299999999997,3656.9800000000005,8.711362617531965,False,6070.51
O0000423,S0005467,U001797,2025-11-03T16:25:51,612.13,21.41,91.47,682.19,Card,1,1,Books,{'Books': 1},3.7,417.54,264.65000000000003,6.5267730053648965,False,682.19
O0000424,S0005473,U001938,2025-11-08T00:51:47,3782.02,405.64,0.0,3376.38,Card,2,2,Home,"{'Home': 1, 'Electronics': 1}",4.5,2293.83,1082.5500000000002,8.124855539965575,False,3376.38
O0000425,S0005480,U000241,2025-11-24T19:13:57,11166.41,1143.29,0.0,10023.12,Wallet,7,4,Electronics,"{'Electronics': 2, 'Fashion': 1, 'Books': 1}",3.875,3159.46,6863.660000000001,9.212749467773204,False,10023.12
O0000426,S0005483,U001407,2026-01-09T20:11:54,5136.58,339.57,0.0,4797.01,UPI,5,2,Beauty,"{'Beauty': 1, 'Electronics': 1}",4.25,1131.45,3665.5600000000004,8.47595652759922,False,4797.01
O0000427,S0005515,U001530,2026-01-06T19:24:35,14178.76,1446.81,0.0,12731.95,UPI,6,4,Electronics,"{'Electronics': 2, 'Fashion': 1, 'Home': 1}",4.375,3475.97,9255.980000000001,9.45194840076136,False,12731.95
O0000428,S0005524,U002046,2025-11-29T16:00:35,12349.73,761.15,0.0,11588.58,NetBanking,9,4,Home,"{'Home': 2, 'Electronics': 1, 'Fashion': 1}",4.175,3691.6499999999996,7896.93,9.357861697540855,False,11588.58
O0000429,S0005565,,2025-11-07T04:54:22,8722.24,575.17,0.0,8147.07,Wallet,11,4,Books,"{'Books': 1, 'Fashion': 1, 'Beauty': 1, 'Sports': 1}",3.975,2127.63,6019.44,9.005536368375086,False,8147.07
O0000430,S0005580,U000568,2025-10-27T11:23:51,5648.55,556.65,0.0,61102.8,UPI,3,1,Beauty,{'Beauty': 1},4.6,1292.07,59810.73,11.020329336351798,True,19970.042499999996
O0000431,S0005581,U001753,2025-12-21T12:37:05,3075.24,190.37,0.0,2884.87,Wallet,3,1,Home,{'Home': 1},4.2,547.77,2337.1,7.967581693274212,False,2884.87
O0000432,S0005593,U000995,2025-11-05T07:29:22,9254.45,447.35,0.0,8807.1,Wallet,8,3,Electronics,"{'Electronics': 2, 'Home': 1}",4.266666666666667,2456.55,6350.55,9.083427031653235,False,8807.1
O0000433,S0005615,U000157,2026-01-04T15:20:57,6353.34,294.5,0.0,6058.84,COD,5,3,Home,"{'Home': 2, 'Sports': 1}",4.433333333333334,2807.8900000000003,3250.95,8.70943867607454,False,6058.84
O0000434,S0005618,,2025-12-14T06:12:22,5125.25,542.1,0.0,4583.15,Wallet,4,4,Beauty,"{'Beauty': 1, 'Home': 1, 'Electronics': 1, 'Books': 1}",4.025,3342.98,1240.1699999999996,8.430359980372295,False,4583.15
O0000435,S0005667,U001962,2025-11-16T13:35:33,7154.29,274.57,0.0,6879.72,Card,5,2,Beauty,"{'Beauty': 1, 'Electronics': 1}",3.95,1302.72,5577.0,8.83647857661463,False,6879.72
O0000436,S0005682,,2025-12-26T22:41:15,9356.42,433.64,0.0,8922.78,UPI,7,3,Electronics,"{'Electronics': 2, 'Fashion': 1}",4.266666666666667,2654.52,6268.26,9.0964749026264,False,8922.78
O0000437,S0005693,U000798,2025-12-12T15:53:11,2034.16,154.79,0.0,1879.37,Wallet,2,2,Sports,"{'Sports': 1, 'Beauty': 1}",4.2,1043.17,836.1999999999998,7.539223844970379,False,1879.37
O0000438,S0005704,U000431,2026-01-03T12:08:29,529.77,32.83,66.03,562.97,Card,1,1,Electronics,{'Electronics': 1},4.2,372.47,190.5,6.3350010585939796,False,562.97
O0000439,S0005717,,2025-11-03T14:15:58,3700.2,368.84,0.0,3331.36,UPI,2,1,Electronics,{'Electronics': 1},3.7,842.35,2489.01,8.111436040667773,False,3331.36
O0000440,S0005735,U001196,2025-12-25T09:48:49,4227.0,310.34,0.0,3916.66,Card,3,2,Beauty,"{'Beauty': 1, 'Home': 1}",3.95,1339.69,2576.97,8.273249815770113,False,3916.66
O0000441,S0005736,U000480,2025-10-24T16:31:21,8687.14,778.5,0.0,7908.64,Card,7,3,Beauty,"{'Beauty': 1, 'Home': 1, 'Electronics': 1}",4.233333333333333,1954.18,5954.46,8.975837547715884,False,7908.64
O0000442,S0005742,U000732,2025-11-10T03:30:57,8325.8,108.97,0.0,8216.83,UPI,9,4,Sports,"{'Sports': 2, 'Electronics': 1, 'Books': 1}",3.725,2034.53,6182.3,9.014061462931021,False,8216.83
O0000443,S0005747,U000163,2025-12-15T20:22:28,7629.61,614.93,0.0,7014.68,UPI,8,4,Fashion,"{'Fashion': 1, 'Books': 1, 'Beauty': 1, 'Sports': 1}",4.275,1986.86,5027.820000000001,8.855902922977641,False,7014.68
O0000444,S0005755,U001861,2025-12-03T13:50:13,4024.5,240.32,0.0,3784.18,Card,2,1,Beauty,{'Beauty': 1},4.3,952.66,2831.52,8.23884872088346,False,3784.18
O0000445,S0005778,U001787,2025-11-10T12:27:48,5140.53,238.75,0.0,4901.78,NetBanking,3,1,Fashion,{'Fashion': 1},4.3,848.42,4053.3599999999997,8.497557670157066,False,4901.78
O0000446,S0005785,,2026-01-01T12:11:34,7058.94,774.48,0.0,6284.46,UPI,5,2,Beauty,"{'Beauty': 1, 'Electronics': 1}",3.85,2200.83,4083.63,8.745994308481324,False,6284.46
O0000447,S0005791,U000798,2025-11-01T18:44:02,5887.08,572.59,0.0,5314.49,Card,5,2,Electronics,{'Electronics': 2},3.8,1347.57,3966.92,8.578380478436324,False,5314.49
O0000448,S0005812,U001258,2025-11-06T07:47:11,9285.03,1154.26,0.0,8130.77,Card,4,2,Fashion,"{'Fashion': 1, 'Sports': 1}",4.0,1867.02,6263.75,9.003533891023121,False,8130.77
O0000449,S0005816,U000801,2025-10-31T06:49:16,3395.14,366.84,0.0,3028.3,Wallet,2,1,Beauty,{'Beauty': 1},3.9,1143.19,1885.1100000000001,8.016086848711158,False,3028.3
O0000450,S0005818,U000876,2025-10-29T03:45:19,4160.6,265.71,0.0,3894.89,Card,4,2,Home,"{'Home': 1, 'Electronics': 1}",4.050000000000001,1466.23,2428.66,8.267677430277594,False,3894.89
O0000451,S0005843,U001022,2025-10-31T01:02:46,3294.64,258.18,0.0,3036.46,Card,3,2,Home,"{'Home': 1, 'Books': 1}",4.2,1438.68,1597.78,8.018776918837816,False,3036.46
O0000452,S0005851,U000367,2025-12-09T03:07:09,9350.28,623.93,0.0,8726.35,Card,6,2,Sports,"{'Sports': 1, 'Beauty': 1}",4.300000000000001,1714.2199999999998,7012.130000000001,9.07421705177907,False,8726.35
O0000453,S0005861,U001918,2025-12-19T01:01:33,12550.53,1148.73,0.0,11401.8,UPI,10,4,Sports,"{'Sports': 2, 'Home': 1, 'Fashion': 1}",4.175,2733.56,8668.24,9.341614218259485,False,11401.8
O0000454,S0005867,,2026-01-16T01:40:52,4503.36,450.58,0.0,4052.78,UPI,5,4,Electronics,"{'Electronics': 1, 'Fashion': 1, 'Sports': 1, 'Beauty': 1}",4.225,2273.27,1779.5100000000002,8.307405058149186,False,4052.78
O0000455,S0005891,U000488,2025-10-31T04:40:06,13809.21,489.48,0.0,13319.73,Card,7,4,Books,"{'Books': 2, 'Fashion': 1, 'Beauty': 1}",3.45,3296.91,10022.82,9.497076747397456,False,13319.73
O0000456,S0005896,U001700,2025-11-02T19:00:05,13975.01,1221.62,0.0,12753.39,Card,7,3,Books,"{'Books': 1, 'Fashion': 1, 'Home': 1}",4.066666666666667,3918.4700000000003,8834.919999999998,9.453630805049695,False,12753.39
O0000457,S0005912,U001050,2025-12-10T13:19:28,5438.81,682.7,0.0,4756.11,NetBanking,5,2,Books,"{'Books': 1, 'Electronics': 1}",4.05,1104.8600000000001,3651.2499999999995,8.467395619982462,False,4756.11
O0000458,S0005917,U001937,2025-12-11T05:38:04,4384.41,461.36,0.0,3923.05,UPI,3,1,Electronics,{'Electronics': 1},4.0,948.92,2974.13,8.274879562703973,False,3923.05
O0000459,S0005918,U001086,2025-11-03T20:27:39,8936.39,406.99,0.0,8529.4,Card,5,3,Sports,"{'Sports': 2, 'Fashion': 1}",3.8666666666666667,2697.92,5831.48,9.05139153270397,False,8529.4
O0000460,S0005926,U000610,2025-11-09T05:26:36,11878.53,777.65,0.0,11100.88,UPI,6,3,Sports,"{'Sports': 2, 'Books': 1}",4.033333333333333,3547.29,7553.589999999999,9.314869742328423,False,11100.88
O0000461,S0005947,U001522,2025-11-25T06:20:43,786.93,68.24,49.87,768.56,Wallet,3,1,Sports,{'Sports': 1},5.0,193.46,575.0999999999999,6.645818922948772,False,768.56
O0000462,S0005993,U001070,2025-11-15T17:13:26,6439.48,648.55,0.0,5790.93,UPI,5,3,Beauty,"{'Beauty': 1, 'Electronics': 1, 'Home': 1}",4.2,2674.39,3116.5400000000004,8.66422084835716,False,5790.93
O0000463,S0005997,U001640,2026-01-17T01:10:07,4338.16,512.54,0.0,3825.62,UPI,5,3,Home,"{'Home': 2, 'Fashion': 1}",4.2,2111.95,1713.67,8.249737186009135,False,3825.62
O0000464,S0005999,,2025-11-04T21:48:11,5659.42,216.99,0.0,5442.43,UPI,6,3,Sports,"{'Sports': 2, 'Home': 1}",4.5,1772.7400000000002,3669.69,8.602164655864987,False,5442.43
O0000465,S0006011,U000997,2026-01-03T22:32:40,7290.73,573.84,0.0,6716.89,Wallet,5,2,Home,"{'Home': 1, 'Sports': 1}",3.9499999999999997,2095.12,4621.77,8.812529396117375,False,6716.89
O0000466,S0006030,,2026-01-06T18:57:21,2655.5,39.96,0.0,2615.54,NetBanking,3,3,Home,"{'Home': 2, 'Books': 1}",3.9000000000000004,1620.6799999999998,994.8600000000001,7.869608113293345,False,2615.54
O0000467,S0006055,U001016,2025-12-22T22:55:33,13614.43,766.17,0.0,12848.26,UPI,6,4,Beauty,"{'Beauty': 2, 'Fashion': 1, 'Electronics': 1}",4.225,5282.0,7566.26,9.461041501116501,False,12848.26
O0000468,S0006061,U001445,2025-12-08T22:27:35,11766.82,455.26,0.0,11311.56,Card,8,4,Beauty,"{'Beauty': 1, 'Books': 1, 'Sports': 1, 'Fashion': 1}",3.85,3599.17,7712.389999999999,9.33366889186152,False,11311.56
O0000469,S0006063,U000826,2025-11-14T07:49:52,5632.47,421.83,0.0,5210.64,UPI,5,4,Beauty,"{'Beauty': 1, 'Books': 1, 'Home': 1, 'Fashion': 1}",4.2,2945.67,2264.9700000000003,8.558649864485446,False,5210.64
O0000470,S0006072,U001501,2025-11-25T05:29:39,13730.8,1528.36,0.0,12202.44,UPI,7,4,Sports,"{'Sports': 2, 'Home': 2}",4.15,3968.29,8234.150000000001,9.40947315818918,False,12202.44
O0000471,S0006092,U000101,2025-12-04T14:05:19,7181.58,287.13,0.0,6894.45,Card,7,4,Fashion,"{'Fashion': 2, 'Books': 1, 'Electronics': 1}",4.325,2803.65,4090.7999999999997,8.83861705278231,False,6894.45
O0000472,S0006102,U001745,2025-11-25T13:56:38,4225.07,397.58,0.0,3827.49,COD,5,2,Electronics,"{'Electronics': 1, 'Fashion': 1}",4.300000000000001,883.98,2943.5099999999998,8.250225748560737,False,3827.49
O0000473,S0006125,U001827,2025-11-28T03:24:09,5752.08,316.51,0.0,5435.57,UPI,4,3,Sports,"{'Sports': 2, 'Home': 1}",4.033333333333333,2282.8199999999997,3152.75,8.600903626286115,False,5435.57
O0000474,S0006126,U002006,2025-10-23T17:54:15,4935.36,114.79,0.0,4820.57,UPI,4,3,Home,"{'Home': 1, 'Electronics': 1, 'Books': 1}",4.333333333333333,2393.6099999999997,2426.96,8.480854880148483,False,4820.57
O0000475,S0006129,U001819,2025-11-19T03:39:43,9261.21,576.87,0.0,8684.34,NetBanking,4,2,Electronics,"{'Electronics': 1, 'Books': 1}",3.9,1967.19,6717.15,9.06939182586519,False,8684.34
O0000476,S0006141,U000448,2025-12-14T17:58:13,1701.25,140.4,99.46,1660.31,Card,1,1,Books,{'Books': 1},4.0,910.88,749.43,7.415361726756728,False,1660.31
O0000477,S0006143,U001037,2025-12-26T12:54:22,20930.41,1702.3,0.0,19228.11,COD,10,4,Books,"{'Books': 2, 'Beauty': 1, 'Sports': 1}",4.1,4253.0599999999995,14975.050000000001,9.864180555660514,False,19228.11
O0000478,S0006154,U001258,2025-11-18T14:26:10,7028.14,726.63,0.0,6301.51,NetBanking,2,1,Books,{'Books': 1},4.2,2517.03,3784.48,8.748703245732772,False,6301.51
O0000479,S0006159,,2025-11-13T20:19:21,4009.16,504.86,0.0,3504.3,UPI,2,2,Electronics,"{'Electronics': 1, 'Books': 1}",3.7,2257.8,1246.5,8.162031387817315,False,3504.3
O0000480,S0006176,U001140,2025-11-26T00:04:27,2083.85,99.06,0.0,1984.79,Card,1,1,Electronics,{'Electronics': 1},3.5,1550.51,434.28,7.593772098832962,False,1984.79
O0000481,S0006192,U001829,2025-12-21T10:16:02,5205.6,446.73,0.0,4758.87,Card,5,3,Books,"{'Books': 2, 'Beauty': 1}",3.766666666666666,1860.81,2898.06,8.467975635928147,False,4758.87
O0000482,S0006195,U001534,2025-10-29T10:36:16,4899.88,279.07,0.0,4620.81,COD,4,2,Fashion,"{'Fashion': 1, 'Sports': 1}",3.8,1751.1599999999999,2869.6500000000005,8.438541682243814,False,4620.81
O0000483,S0006204,U000938,2025-11-06T14:05:58,15563.55,1266.78,0.0,14296.77,NetBanking,9,4,Books,"{'Books': 2, 'Fashion': 1, 'Home': 1}",4.125,3769.73,10527.04,9.567858860031516,False,14296.77
O0000484,S0006208,,2025-11-02T19:45:53,8237.51,621.25,0.0,7616.26,UPI,6,3,Fashion,"{'Fashion': 2, 'Electronics': 1}",4.533333333333334,1826.1399999999999,5790.120000000001,8.938172003963789,False,7616.26
O0000485,S0006219,U000227,2025-12-17T11:34:39,9076.23,964.41,0.0,8111.82,Card,3,1,Sports,{'Sports': 1},3.7,1863.34,6248.48,9.001200805534863,False,8111.82
O0000486,S0006228,U000256,2025-10-21T14:41:34,2121.74,92.83,0.0,2028.91,UPI,2,1,Books,{'Books': 1},3.5,516.81,1512.1000000000001,7.615746736077639,False,2028.91
O0000487,S0006237,U001836,2025-11-05T10:04:33,3207.32,227.83,0.0,2979.49,Card,3,3,Books,"{'Books': 1, 'Beauty': 1, 'Electronics': 1}",3.966666666666667,1910.5900000000001,1068.8999999999996,7.999842995512598,False,2979.49
O0000488,S0006263,U002095,2026-01-09T09:12:02,7932.11,672.72,0.0,7259.39,UPI,3,3,Books,"{'Books': 2, 'Home': 1}",3.8666666666666667,4393.71,2865.6800000000003,8.890188825384293,False,7259.39
O0000489,S0006264,U000326,2025-12-25T04:16:08,12084.07,999.34,0.0,11084.73,Card,7,4,Electronics,"{'Electronics': 1, 'Books': 1, 'Beauty': 1, 'Home': 1}",4.2,3860.45,7224.28,9.313413974640765,False,11084.73
O0000490,S0006273,U000378,2026-01-01T12:18:31,9479.53,596.53,0.0,8883.0,Wallet,7,3,Sports,"{'Sports': 2, 'Home': 1}",4.033333333333333,2683.44,6199.5599999999995,9.092007185014317,False,8883.0
O0000491,S0006279,U001425,2025-12-23T00:57:09,10392.23,1105.18,0.0,9287.05,Wallet,3,2,Home,"{'Home': 1, 'Electronics': 1}",3.95,4085.3900000000003,5201.659999999999,9.136483906653504,False,9287.05
O0000492,S0006284,U000966,2025-12-02T14:51:48,4137.51,369.08,0.0,3768.43,Wallet,3,1,Sports,{'Sports': 1},3.8,982.66,2785.77,8.234679075377194,False,3768.43
O0000493,S0006294,U002154,2025-12-25T13:36:17,8974.0,505.19,0.0,8468.81,Wallet,6,3,Home,"{'Home': 1, 'Electronics': 1, 'Books': 1}",3.8333333333333335,2934.1400000000003,5534.669999999999,9.044263355281155,False,8468.81
O0000494,S0006306,,2025-12-27T20:03:27,8408.4,606.31,0.0,7802.09,Card,5,4,Books,"{'Books': 1, 'Electronics': 1, 'Beauty': 1, 'Home': 1}",4.325,3217.8500000000004,4584.24,8.96227508807562,False,7802.09
O0000495,S0006310,U000281,2025-11-10T21:19:03,16373.04,1451.36,0.0,14921.68,NetBanking,10,4,Beauty,"{'Beauty': 1, 'Sports': 1, 'Home': 1, 'Electronics': 1}",4.225,3726.6000000000004,11195.08,9.610637482292052,False,14921.68
O0000496,S0006312,,2025-10-30T14:28:10,3509.21,252.84,0.0,3256.37,UPI,3,2,Electronics,"{'Electronics': 1, 'Fashion': 1}",3.5999999999999996,1372.2,1884.1699999999998,8.088675400297824,False,3256.37
O0000497,S0006313,U000789,2026-01-15T19:01:18,1025.08,56.81,64.88,1033.15,UPI,1,1,Home,{'Home': 1},4.2,547.77,485.3800000000001,6.941335112245333,False,1033.15
O0000498,S0006335,U001996,2026-01-19T09:08:01,3419.88,250.67,0.0,3169.21,UPI,3,1,Books,{'Books': 1},4.6,675.13,2494.08,8.061553110733936,False,3169.21
O0000499,S0006356,,2026-01-10T12:11:18,17645.52,1260.65,0.0,16384.87,Wallet,6,3,Books,"{'Books': 1, 'Sports': 1, 'Electronics': 1}",3.733333333333333,5382.74,11002.13,9.704174657068434,False,16384.87
O0000500,S0006363,U000987,2026-01-15T21:27:03,8142.53,807.08,0.0,7335.45,Wallet,5,3,Books,"{'Books': 1, 'Beauty': 1, 'Home': 1}",4.266666666666667,2841.63,4493.82,8.900610353385424,False,7335.45
O0000501,S0006369,U001133,2025-11-07T16:26:49,11966.23,949.99,0.0,11016.24,NetBanking,9,4,Sports,"{'Sports': 2, 'Books': 2}",4.025,3760.14,7256.1,9.307216597617627,False,11016.24
O0000502,S0006432,U001414,2025-12-15T23:07:16,16944.26,707.32,0.0,16236.94,NetBanking,11,4,Sports,"{'Sports': 2, 'Home': 1, 'Books': 1}",4.25,4167.59,12069.35,9.695105758379231,False,16236.94
O0000503,S0006442,U001970,2025-11-27T06:33:11,13022.6,2049.49,0.0,10973.11,UPI,7,3,Home,"{'Home': 1, 'Books': 1, 'Beauty': 1}",4.266666666666667,3294.69,7678.42,9.303294141261048,False,10973.11
O0000504,S0006446,U000113,2025-11-05T23:33:47,4961.58,264.85,0.0,4696.73,Card,3,1,Home,{'Home': 1},3.6,1208.7,3488.0299999999997,8.454834692302954,False,4696.73
O0000505,S0006447,U000944,2026-01-14T09:16:56,12605.15,1268.61,0.0,11336.54,Card,10,4,Beauty,"{'Beauty': 2, 'Books': 1, 'Fashion': 1}",4.1,2985.21,8351.330000000002,9.335874622531833,False,11336.54
O0000506,S0006463,U000389,2026-01-04T01:46:05,2893.24,115.43,0.0,2777.81,Card,2,2,Sports,"{'Sports': 1, 'Home': 1}",4.35,1658.3600000000001,1119.4499999999998,7.929778057487938,False,2777.81
O0000507,S0006466,U000042,2026-01-11T04:13:19,631.13,78.57,43.0,595.56,Card,1,1,Electronics,{'Electronics': 1},4.9,307.25,288.30999999999995,6.3911798232355395,False,595.56
O0000508,S0006478,U001183,2025-12-31T17:14:06,9743.43,1080.67,0.0,8662.76,UPI,6,2,Beauty,"{'Beauty': 1, 'Books': 1}",3.7,2206.69,6456.07,9.066904087466126,False,8662.76
O0000509,S0006488,U000082,2026-01-12T11:52:48,9604.86,633.94,0.0,8970.92,UPI,6,2,Books,"{'Books': 1, 'Electronics': 1}",4.2,2047.92,6923.0,9.101854978970831,False,8970.92
O0000510,S0006491,U001420,2025-10-25T16:29:27,14641.26,835.87,0.0,13805.39,UPI,9,3,Home,"{'Home': 1, 'Fashion': 1, 'Electronics': 1}",4.5,2679.27,11126.119999999999,9.532886807452007,False,13805.39
O0000511,S0006529,U001166,2025-12-07T03:14:24,1618.95,46.79,71.45,1643.61,Card,1,1,Home,{'Home': 1},4.7,1057.64,585.9699999999998,7.405258553024207,False,1643.61
O0000512,S0006539,U001323,2026-01-06T06:02:05,5417.28,227.33,0.0,5189.95,Card,3,1,Books,{'Books': 1},4.2,1263.45,3926.5,8.55467200372536,False,5189.95
O0000513,S0006546,U000447,2025-10-31T10:25:00,9273.75,1068.83,0.0,8204.92,Wallet,7,4,Fashion,"{'Fashion': 3, 'Sports': 1}",4.45,3371.4700000000003,4833.45,9.012611123990437,False,8204.92
O0000514,S0006562,U000438,2025-11-06T09:48:24,1630.78,141.5,87.61,1576.89,UPI,2,1,Books,{'Books': 1},4.1,436.53,1140.3600000000001,7.363843790484308,False,1576.89
O0000515,S0006564,U001796,2025-12-16T05:16:10,501.35,27.97,67.28,540.66,Card,1,1,Fashion,{'Fashion': 1},4.5,228.34,312.31999999999994,6.29463849832768,False,540.66
O0000516,S0006567,U000996,2026-01-02T01:03:49,6232.64,944.64,0.0,5288.0,UPI,5,3,Electronics,"{'Electronics': 2, 'Fashion': 1}",4.3999999999999995,2209.05,3078.95,8.57338447106598,False,5288.0
O0000517,S0006580,U002138,2025-10-28T06:31:00,3744.93,175.54,0.0,3569.39,COD,4,3,Fashion,{'Fashion': 3},4.666666666666667,1479.92,2089.47,8.180430112504505,False,3569.39
O0000518,S0006594,U000169,2025-12-02T02:56:55,4300.32,74.33,0.0,4225.99,UPI,6,4,Electronics,"{'Electronics': 2, 'Sports': 2}",3.975,1781.6999999999998,2444.29,8.349245434819965,False,4225.99
O0000519,S0006600,U001473,2025-11-14T17:03:32,12874.86,844.44,0.0,12030.42,COD,6,3,Books,"{'Books': 2, 'Electronics': 1}",4.333333333333333,3778.0,8252.42,9.395276840240498,False,12030.42
O0000520,S0006618,U000748,2025-12-23T20:56:50,7969.1,273.82,0.0,7695.28,UPI,8,3,Sports,"{'Sports': 1, 'Home': 1, 'Electronics': 1}",4.0,1679.5,6015.78,8.948492374220097,False,7695.28
O0000521,S0006625,U002134,2025-12-13T18:59:12,7149.7,758.36,0.0,6391.34,Wallet,6,3,Books,"{'Books': 2, 'Sports': 1}",3.966666666666667,2199.52,4191.82,8.762855677520855,False,6391.34
O0000522,S0006629,U002079,2025-12-19T08:17:30,5197.55,274.06,0.0,4923.49,UPI,5,2,Home,"{'Home': 1, 'Sports': 1}",3.7,1228.9099999999999,3694.58,8.501975994944683,False,4923.49
O0000523,S0006661,U000224,2026-01-09T19:06:07,12776.95,972.35,0.0,11804.6,Card,8,4,Fashion,"{'Fashion': 2, 'Beauty': 1, 'Electronics': 1}",4.05,3622.9300000000003,8181.67,9.37632927414924,False,11804.6
O0000524,S0006665,U001633,2025-11-21T03:41:44,3114.88,267.48,0.0,2847.4,Wallet,4,2,Electronics,"{'Electronics': 1, 'Books': 1}",3.8499999999999996,955.4100000000001,1891.99,7.954512712107969,False,2847.4
O0000525,S0006666,U000407,2025-12-07T09:44:15,1842.06,135.1,70.14,1777.1,Card,2,1,Electronics,{'Electronics': 1},4.0,682.68,1094.42,7.4833006574619025,False,1777.1
O0000526,S0006667,U000258,2026-01-12T11:55:50,5335.58,253.12,0.0,5082.46,Card,4,2,Beauty,"{'Beauty': 1, 'Sports': 1}",3.8499999999999996,1341.38,3741.08,8.533747411089786,False,5082.46
O0000527,S0006668,,2025-11-08T11:04:37,7151.4,809.57,0.0,6341.83,Card,4,2,Sports,"{'Sports': 1, 'Electronics': 1}",4.3,1894.06,4447.77,8.755080320076567,False,6341.83
O0000528,S0006671,U000387,2025-12-02T00:21:48,4467.39,112.06,0.0,4355.33,UPI,4,2,Sports,"{'Sports': 1, 'Electronics': 1}",3.7,1317.24,3038.09,8.379385238759149,False,4355.33
O0000529,S0006674,U001182,2025-11-28T03:40:11,3811.76,301.28,0.0,3510.48,UPI,5,3,Beauty,"{'Beauty': 1, 'Sports': 1, 'Books': 1}",3.9000000000000004,1640.19,1870.29,8.163792880011162,False,3510.48
O0000530,S0006687,,2025-11-21T21:52:53,8112.71,532.25,0.0,7580.46,Card,6,3,Electronics,"{'Electronics': 1, 'Beauty': 1, 'Sports': 1}",3.9,2006.8000000000002,5573.66,8.933461072226285,False,7580.46
O0000531,S0006715,U000655,2025-11-25T09:47:29,11273.68,894.6,0.0,10379.08,NetBanking,8,4,Sports,"{'Sports': 2, 'Fashion': 1, 'Home': 1}",4.075,3109.13,7269.95,9.247643863819274,False,10379.08
O0000532,S0006718,U000704,2025-11-04T06:59:40,3720.96,303.87,0.0,3417.09,COD,6,2,Beauty,{'Beauty': 2},4.5,803.81,2613.28,8.136837194516707,False,3417.09
O0000533,S0006768,U001856,2025-11-13T08:29:26,4000.33,247.11,0.0,3753.22,NetBanking,4,2,Books,"{'Books': 1, 'Sports': 1}",4.05,1305.71,2447.5099999999998,8.230635819584865,False,3753.22
O0000534,S0006789,U000382,2026-01-03T14:18:21,3700.8,178.17,0.0,3522.63,UPI,1,1,Fashion,{'Fashion': 1},4.9,1814.54,1708.0900000000001,8.16724698721915,False,3522.63
O0000535,S0006805,U000196,2025-12-31T20:51:04,3199.43,334.23,0.0,2865.2,UPI,4,3,Electronics,"{'Electronics': 1, 'Sports': 1, 'Fashion': 1}",4.6000000000000005,1396.45,1468.7499999999998,7.960742389623971,False,2865.2
O0000536,S0006809,U001004,2025-11-05T22:28:19,1372.4,80.52,113.12,1405.0,COD,1,1,Beauty,{'Beauty': 1},3.6,838.34,566.66,7.2485040723706105,False,1405.0
O0000537,S0006832,,2025-12-03T20:06:26,2103.75,336.07,0.0,1767.68,UPI,3,1,Beauty,{'Beauty': 1},4.2,431.92,1335.76,7.477988784636667,False,1767.68
O0000538,S0006833,U001973,2025-12-06T11:26:44,10369.68,714.71,0.0,9654.97,UPI,8,4,Books,"{'Books': 2, 'Sports': 1, 'Electronics': 1}",4.15,3823.4300000000003,5831.539999999999,9.175331655895988,False,9654.97
O0000539,S0006866,U000420,2025-11-13T15:04:21,1543.84,167.6,73.82,1450.06,UPI,1,1,Books,{'Books': 1},3.9,912.1,537.9599999999999,7.2800496028218245,False,1450.06
O0000540,S0006882,U000338,2026-01-11T02:24:45,15345.25,548.99,0.0,14796.26,Card,9,4,Sports,"{'Sports': 2, 'Electronics': 1, 'Fashion': 1}",4.15,4243.91,10552.35,9.602197307477446,False,14796.26
O0000541,S0006899,U001455,2025-12-24T03:47:27,1892.5,246.58,100.1,1746.02,NetBanking,2,2,Fashion,"{'Fashion': 1, 'Electronics': 1}",4.0,1226.53,519.49,7.465666758265435,False,1746.02
O0000542,S0006902,U000529,2025-12-06T13:45:27,1842.06,142.17,115.29,1815.18,UPI,2,1,Electronics,{'Electronics': 1},4.0,682.68,1132.5,7.504490673192012,False,1815.18
O0000543,S0006904,U002005,2025-11-20T02:19:58,15084.89,1033.85,0.0,14051.04,Card,7,3,Beauty,"{'Beauty': 1, 'Home': 1, 'Books': 1}",3.8000000000000003,3125.84,10925.2,9.550522859951549,False,14051.04
O0000544,S0006917,U001730,2026-01-06T10:13:10,8452.62,901.0,0.0,7551.62,UPI,8,3,Beauty,"{'Beauty': 1, 'Electronics': 1, 'Sports': 1}",4.1000000000000005,2391.48,5160.139999999999,8.929649801913152,False,7551.62
O0000545,S0006924,U000713,2025-12-17T04:51:23,17572.22,1000.25,0.0,16571.97,Card,7,3,Electronics,"{'Electronics': 2, 'Fashion': 1}",4.233333333333333,4031.39,12540.580000000002,9.715528333948733,False,16571.97
O0000546,S0006931,U001655,2025-12-20T04:09:58,2578.93,140.47,0.0,2438.46,Card,1,1,Books,{'Books': 1},4.3,1200.72,1237.74,7.79953198231884,False,2438.46
O0000547,S0006943,U000215,2025-11-26T11:18:12,2332.18,226.3,0.0,2105.88,Wallet,2,1,Sports,{'Sports': 1},4.8,704.63,1401.25,7.652963459168541,False,2105.88
O0000548,S0006949,U000148,2025-11-23T00:50:48,2531.4,125.65,0.0,2405.75,COD,3,1,Fashion,{'Fashion': 1},4.4,437.15,1968.6,7.786032568658076,False,2405.75
O0000549,S0006952,U002182,2025-12-18T03:00:39,7245.1,385.99,0.0,6859.11,UPI,5,4,Fashion,"{'Fashion': 2, 'Beauty': 1, 'Books': 1}",4.225,3774.59,3084.5199999999995,8.833478755576795,False,6859.11
O0000550,S0006954,U000786,2025-12-23T21:36:09,6381.94,693.66,0.0,5688.28,Card,4,2,Fashion,"{'Fashion': 1, 'Books': 1}",4.0,1748.92,3939.3599999999997,8.646338981328206,False,5688.28
O0000551,S0006994,,2026-01-15T08:02:51,10252.09,463.52,0.0,9788.57,UPI,10,4,Books,"{'Books': 1, 'Fashion': 1, 'Beauty': 1, 'Electronics': 1}",3.95,2620.9700000000003,7167.599999999999,9.189072812190176,False,9788.57
O0000552,S0007012,U000204,2025-11-23T19:31:22,11348.99,567.19,0.0,10781.8,UPI,11,4,Fashion,"{'Fashion': 2, 'Books': 1, 'Sports': 1}",3.9749999999999996,2261.1800000000003,8520.619999999999,9.285707550996067,False,10781.8
O0000553,S0007017,U001533,2025-12-09T03:32:33,2391.84,106.21,0.0,2285.63,Card,4,2,Beauty,"{'Beauty': 1, 'Electronics': 1}",4.35,750.88,1534.75,7.734834396937837,False,2285.63
O0000554,S0007022,U001150,2025-10-31T09:42:19,21171.81,793.96,0.0,20377.85,UPI,9,3,Books,"{'Books': 2, 'Electronics': 1}",3.8000000000000003,4257.45,16120.399999999998,9.922252877314142,True,19970.042499999996
O0000555,S0007034,U001712,2026-01-11T19:15:07,10550.65,842.36,0.0,9708.29,UPI,4,3,Electronics,"{'Electronics': 2, 'Books': 1}",3.733333333333333,4942.47,4765.820000000001,9.1808384381176,False,9708.29
O0000556,S0007049,,2025-12-18T14:14:52,2669.41,235.54,0.0,2433.87,Wallet,3,2,Fashion,"{'Fashion': 1, 'Electronics': 1}",4.1,1222.03,1211.84,7.7976486460011465,False,2433.87
O0000557,S0007081,U000249,2025-11-03T09:30:12,9347.85,875.05,0.0,8472.8,UPI,7,4,Home,"{'Home': 1, 'Sports': 1, 'Beauty': 1, 'Electronics': 1}",4.05,3567.0,4905.799999999999,9.044734329303074,False,8472.8
O0000558,S0007093,U001350,2025-12-10T22:21:25,11588.46,617.35,0.0,10971.11,UPI,9,4,Electronics,"{'Electronics': 2, 'Books': 1, 'Fashion': 1}",4.125,3026.44,7944.67,9.303111877526742,False,10971.11
O0000559,S0007108,U000211,2025-12-01T03:11:40,11791.2,681.28,0.0,11109.92,UPI,8,4,Books,"{'Books': 3, 'Beauty': 1}",4.125,4318.21,6791.71,9.315683687486088,False,11109.92
O0000560,S0007112,U002058,2025-11-02T09:51:30,4558.56,309.43,0.0,4249.13,UPI,4,3,Electronics,"{'Electronics': 1, 'Sports': 1, 'Beauty': 1}",4.033333333333334,2399.46,1849.67,8.354704849685946,False,4249.13
O0000561,S0007114,U001527,2025-12-16T16:20:27,2411.32,136.93,0.0,2274.39,Card,2,1,Books,{'Books': 1},3.6,851.22,1423.1699999999998,7.729906745264281,False,2274.39
O0000562,S0007129,U000944,2026-01-19T05:57:53,5725.6,644.22,0.0,5081.38,Card,7,3,Electronics,"{'Electronics': 1, 'Fashion': 1, 'Sports': 1}",4.333333333333333,1625.8799999999999,3455.5,8.533534934795831,False,5081.38
O0000563,S0007159,U001523,2025-12-09T04:35:37,10920.58,1087.19,0.0,9833.39,Card,4,2,Books,"{'Books': 1, 'Home': 1}",4.1,2926.02,6907.369999999999,9.193640705513763,False,9833.39
O0000564,S0007165,,2025-12-29T04:48:27,6344.33,672.71,0.0,5671.62,COD,6,4,Electronics,"{'Electronics': 2, 'Beauty': 2}",4.375,2500.12,3171.5,8.643406371123938,False,5671.62
O0000565,S0007175,U000198,2025-12-12T01:00:34,4851.22,27.59,0.0,4823.63,Card,3,2,Home,"{'Home': 1, 'Electronics': 1}",4.1,1805.4699999999998,3018.1600000000003,8.481489326894899,False,4823.63
O0000566,S0007178,U001995,2026-01-14T12:05:30,6700.5,291.39,0.0,6409.11,NetBanking,7,4,Beauty,"{'Beauty': 2, 'Electronics': 1, 'Books': 1}",4.125,2154.04,4255.07,8.765631710453901,False,6409.11
O0000567,S0007190,U000110,2025-12-16T01:26:55,7841.45,341.1,0.0,7500.35,NetBanking,8,3,Books,"{'Books': 1, 'Fashion': 1, 'Home': 1}",3.9,2132.54,5367.81,8.922838283326346,False,7500.35
O0000568,S0007197,,2025-12-31T05:07:59,2792.1,152.99,0.0,2639.11,UPI,3,1,Fashion,{'Fashion': 1},3.9,425.16,2213.9500000000003,7.878575861938997,False,2639.11
O0000569,S0007199,U001200,2025-11-20T02:13:04,3762.42,370.28,0.0,3392.14,UPI,4,2,Home,"{'Home': 1, 'Sports': 1}",3.5,1233.73,2158.41,8.129511025353573,False,3392.14
O0000570,S0007200,,2025-11-22T14:39:30,9913.89,884.97,0.0,9028.92,COD,4,3,Books,"{'Books': 1, 'Electronics': 1, 'Beauty': 1}",4.4,4287.26,4741.66,9.10829878701409,False,9028.92
O0000571,S0007211,U002120,2026-01-06T21:33:04,9026.8,1102.13,0.0,7924.67,UPI,5,2,Electronics,{'Electronics': 2},4.7,2018.3899999999999,5906.280000000001,8.97786213775871,False,7924.67
O0000572,S0007222,U001056,2025-12-28T08:15:23,12190.62,749.85,0.0,11440.77,Wallet,6,3,Electronics,"{'Electronics': 1, 'Sports': 1, 'Books': 1}",3.8000000000000003,3903.88,7536.89,9.345025973245562,False,11440.77
O0000573,S0007254,U001372,2026-01-11T11:42:46,3556.82,442.11,0.0,3114.71,UPI,2,1,Home,{'Home': 1},4.7,1223.73,1890.98,8.044212334623596,False,3114.71
O0000574,S0007265,U000280,2025-12-03T01:53:51,4271.86,164.15,0.0,4107.71,Wallet,2,2,Beauty,{'Beauty': 2},3.65,2617.12,1490.5900000000001,8.32086438961008,False,4107.71
O0000575,S0007269,U000142,2025-12-21T23:39:21,16561.13,1831.04,0.0,14730.09,Card,8,3,Books,"{'Books': 2, 'Electronics': 1}",4.0,3902.6,10827.49,9.597715505361139,False,14730.09
O0000576,S0007276,U001490,2025-10-22T13:57:29,3483.01,206.74,0.0,3276.27,Wallet,3,2,Sports,"{'Sports': 1, 'Home': 1}",4.15,1441.6100000000001,1834.6599999999999,8.094766037736846,False,3276.27
O0000577,S0007287,U000816,2026-01-14T22:12:19,4026.47,153.37,0.0,3873.1,COD,3,2,Sports,"{'Sports': 1, 'Beauty': 1}",4.3,1964.1999999999998,1908.9,8.26206865674685,False,3873.1
O0000578,S0007315,U001486,2025-12-02T19:06:13,7234.1,464.17,0.0,6769.93,UPI,10,4,Fashion,"{'Fashion': 2, 'Books': 1, 'Electronics': 1}",4.2,1521.57,5248.360000000001,8.820393727225147,False,6769.93
O0000579,S0007317,U001283,2025-11-17T05:17:29,4180.96,378.62,0.0,3802.34,Card,2,2,Fashion,"{'Fashion': 1, 'Electronics': 1}",4.75,1909.7099999999998,1892.6300000000003,8.243634907034854,False,3802.34
O0000580,S0007324,U001919,2025-12-29T08:06:50,12308.46,390.6,0.0,11917.86,COD,5,3,Electronics,"{'Electronics': 1, 'Books': 1, 'Sports': 1}",4.066666666666666,4257.84,7660.02,9.385877298461883,False,11917.86
O0000581,S0007329,U002077,2025-10-24T15:35:28,10061.3,931.61,0.0,9129.69,UPI,5,3,Fashion,"{'Fashion': 2, 'Electronics': 1}",4.333333333333333,3006.93,6122.76,9.119396545760749,False,9129.69
O0000582,S0007338,U001933,2025-12-27T13:50:44,1590.06,123.66,52.76,1519.16,Card,3,1,Home,{'Home': 1},3.6,246.25,1272.91,7.326570871458439,False,1519.16
O0000583,S0007347,U000535,2025-12-26T13:43:48,6736.02,0.0,0.0,6736.02,UPI,4,3,Electronics,"{'Electronics': 2, 'Fashion': 1}",3.9,3473.62,3262.4000000000005,8.815372969636675,False,6736.02
O0000584,S0007355,U000794,2026-01-07T05:42:11,4832.53,358.48,0.0,4474.05,UPI,5,2,Sports,"{'Sports': 1, 'Home': 1}",3.85,1226.87,3247.1800000000003,8.406272803830893,False,4474.05
O0000585,S0007411,,2026-01-18T09:07:15,4557.3,473.76,0.0,4083.54,Card,5,2,Beauty,"{'Beauty': 1, 'Electronics': 1}",4.1,1024.71,3058.83,8.314964393854305,False,4083.54
O0000586,S0007443,U001379,2026-01-12T07:53:28,19603.73,1537.29,0.0,18066.44,Card,10,4,Home,"{'Home': 3, 'Sports': 1}",4.2,4679.8099999999995,13386.63,9.801866702271589,False,18066.44
O0000587,S0007444,U000509,2025-12-19T17:10:32,8374.55,650.77,0.0,7723.78,Wallet,8,3,Home,"{'Home': 2, 'Sports': 1}",4.033333333333334,1827.7,5896.08,8.952188622396012,False,7723.78
O0000588,S0007445,,2025-11-07T12:01:14,8156.47,670.79,0.0,7485.68,UPI,6,3,Sports,"{'Sports': 2, 'Fashion': 1}",4.266666666666667,3163.6,4322.08,8.92088072056664,False,7485.68
O0000589,S0007456,U001334,2025-11-11T18:25:16,3611.37,374.82,0.0,3236.55,UPI,3,2,Fashion,"{'Fashion': 1, 'Home': 1}",4.25,1311.72,1924.8300000000002,8.08257214990398,False,3236.55
O0000590,S0007466,U001883,2026-01-16T17:06:42,7357.0,508.8,0.0,6848.2,COD,5,2,Home,"{'Home': 1, 'Books': 1}",4.1,2092.79,4755.41,8.831887136114815,False,6848.2
O0000591,S0007471,U000476,2025-10-26T14:28:57,6256.31,315.81,0.0,5940.5,Wallet,5,2,Beauty,"{'Beauty': 1, 'Home': 1}",4.45,1405.8,4534.7,8.689716905730082,False,5940.5
O0000592,S0007479,U000649,2025-12-25T01:29:35,2578.93,265.11,0.0,2313.82,Card,1,1,Books,{'Books': 1},4.3,1200.72,1113.1000000000001,7.747087209717655,False,2313.82
O0000593,S0007490,U000292,2026-01-04T22:08:23,19076.97,1982.17,0.0,17094.8,Wallet,6,3,Beauty,"{'Beauty': 1, 'Fashion': 1, 'Books': 1}",4.466666666666667,6033.97,11060.829999999998,9.746588098287596,False,17094.8
O0000594,S0007494,,2025-11-19T19:58:38,14198.34,431.68,0.0,13766.66,Card,5,2,Books,"{'Books': 1, 'Sports': 1}",3.95,3132.46,10634.2,9.53007764264165,False,13766.66
O0000595,S0007504,U000978,2025-12-11T16:52:14,8719.26,449.59,0.0,8269.67,Wallet,8,4,Sports,"{'Sports': 2, 'Beauty': 1, 'Electronics': 1}",4.275,2665.58,5604.09,9.020470800455609,False,8269.67
O0000596,S0007521,U000338,2026-01-14T15:59:58,13550.77,900.19,0.0,12650.58,Wallet,10,4,Sports,"{'Sports': 2, 'Electronics': 1, 'Home': 1}",4.025,3324.2599999999998,9326.32,9.445537387541933,False,12650.58
O0000597,S0007530,U000551,2025-11-12T02:05:56,2755.86,154.15,0.0,2601.71,Card,4,2,Fashion,{'Fashion': 2},3.95,832.35,1769.3600000000001,7.86430848887638,False,2601.71
O0000598,S0007540,,2026-01-05T11:24:20,7535.12,465.36,0.0,7069.76,Card,8,4,Books,"{'Books': 2, 'Electronics': 1, 'Sports': 1}",4.05,2388.85,4680.91,8.86372324957722,False,7069.76
O0000599,S0007543,U001935,2025-10-27T17:31:59,3587.69,215.03,0.0,3372.66,Card,3,2,Electronics,"{'Electronics': 1, 'Sports': 1}",4.05,1244.62,2128.04,8.12375348742952,False,3372.66
O0000600,S0007554,U001204,2025-10-28T19:48:04,8872.95,819.36,0.0,8053.59,UPI,6,3,Books,"{'Books': 2, 'Beauty': 1}",4.1000000000000005,2301.12,5752.47,8.99399739425355,False,8053.59
O0000601,S0007595,U000057,2025-12-21T11:28:23,3776.75,416.0,0.0,3360.75,Card,3,2,Books,"{'Books': 1, 'Sports': 1}",4.25,1611.23,1749.52,8.120216950703979,False,3360.75
O0000602,S0007597,U001748,2025-12-08T01:19:24,10389.62,382.39,0.0,10007.23,Wallet,8,4,Sports,"{'Sports': 3, 'Beauty': 1}",4.25,4843.37,5163.86,9.211163033497382,False,10007.23
O0000603,S0007617,U001761,2026-01-12T22:23:15,6774.82,714.62,0.0,6060.2,Wallet,5,3,Home,"{'Home': 1, 'Beauty': 1, 'Books': 1}",4.233333333333333,2707.4,3352.7999999999997,8.709663079262008,False,6060.2
O0000604,S0007621,U001486,2026-01-11T05:21:46,7977.1,480.88,0.0,7496.22,Wallet,8,4,Electronics,"{'Electronics': 3, 'Beauty': 1}",4.275,2310.41,5185.81,8.922287564143867,False,7496.22
O0000605,S0007643,U001509,2026-01-04T02:01:45,10166.3,851.25,0.0,9315.05,UPI,5,4,Home,"{'Home': 2, 'Electronics': 1, 'Fashion': 1}",4.025,5305.32,4009.7299999999996,9.139493998100177,False,9315.05
O0000606,S0007685,U000753,2025-12-31T21:33:52,7324.97,254.66,0.0,7070.31,Card,5,3,Beauty,"{'Beauty': 2, 'Home': 1}",4.466666666666667,2378.55,4691.76,8.863801031684122,False,7070.31
O0000607,S0007689,U000206,2025-12-04T05:09:20,13681.59,463.29,0.0,13218.3,Card,10,4,Sports,"{'Sports': 2, 'Electronics': 1, 'Fashion': 1}",4.025,3344.85,9873.449999999999,9.48943316192813,False,13218.3
O0000608,S0007704,U000648,2025-10-21T20:05:05,5186.95,418.45,0.0,4768.5,Card,5,2,Sports,"{'Sports': 1, 'Beauty': 1}",3.6,1372.6100000000001,3395.89,8.469996756585262,False,4768.5
O0000609,S0007708,U000626,2026-01-05T15:50:41,16886.64,625.19,0.0,16261.45,COD,9,4,Beauty,"{'Beauty': 1, 'Home': 1, 'Sports': 1, 'Fashion': 1}",3.9749999999999996,3876.67,12384.78,9.696614048258002,False,16261.45
O0000610,S0007716,U001669,2026-01-13T05:19:46,3466.66,148.47,0.0,3318.19,UPI,1,1,Books,{'Books': 1},4.2,1889.84,1428.3500000000001,8.107476056239957,False,3318.19
O0000611,S0007721,,2025-11-12T10:46:30,4250.51,368.35,0.0,3882.16,Wallet,6,3,Fashion,"{'Fashion': 2, 'Books': 1}",3.8333333333333335,1301.1,2581.06,8.264404534136425,False,3882.16
O0000612,S0007730,U002077,2025-11-18T20:27:51,9123.63,856.35,0.0,8267.28,Wallet,7,4,Books,"{'Books': 1, 'Electronics': 1, 'Sports': 1, 'Beauty': 1}",4.075,3140.2,5127.080000000001,9.020181785733799,False,8267.28
O0000613,S0007731,U001854,2025-10-23T13:39:28,1712.3,127.46,97.16,1682.0,Card,1,1,Books,{'Books': 1},4.1,999.72,682.28,7.428333194190806,False,1682.0
O0000614,S0007751,U002139,2025-12-23T15:40:44,5145.89,200.75,0.0,4945.14,Card,2,2,Fashion,{'Fashion': 2},4.5,3424.26,1520.88,8.506362753382339,False,4945.14
O0000615,S0007769,,2025-11-12T22:54:15,4517.36,700.63,0.0,3816.73,Wallet,6,3,Electronics,"{'Electronics': 1, 'Fashion': 1, 'Home': 1}",4.0,1509.56,2307.17,8.24741128413186,False,3816.73
O0000616,S0007789,U002161,2025-10-27T19:48:00,8245.29,686.4,0.0,7558.89,Wallet,8,4,Fashion,"{'Fashion': 2, 'Books': 1, 'Beauty': 1}",4.475,3187.53,4371.360000000001,8.930611918803173,False,7558.89
O0000617,S0007827,,2026-01-03T19:42:59,15610.6,1575.34,0.0,14035.26,Card,9,4,Fashion,"{'Fashion': 1, 'Electronics': 1, 'Sports': 1, 'Books': 1}",4.1499999999999995,3905.58,10129.68,9.549399260327496,False,14035.26
O0000618,S0007837,U000400,2025-11-23T08:48:00,13445.68,576.7,0.0,12868.98,COD,9,4,Beauty,"{'Beauty': 2, 'Fashion': 1, 'Sports': 1}",3.8499999999999996,3589.7200000000003,9279.259999999998,9.46265274658741,False,12868.98
O0000619,S0007859,U001541,2025-11-02T13:11:31,10797.3,826.58,0.0,9970.72,UPI,7,3,Books,"{'Books': 1, 'Fashion': 1, 'Electronics': 1}",4.333333333333333,2862.71,7108.009999999999,9.207508365629101,False,9970.72
O0000620,S0007870,U001049,2026-01-08T14:34:26,2568.39,0.0,0.0,2568.39,Wallet,3,1,Fashion,{'Fashion': 1},4.6,505.86,2062.5299999999997,7.851423795630724,False,2568.39
O0000621,S0007874,U000439,2025-11-12T21:34:32,6210.51,323.41,0.0,5887.1,UPI,7,3,Fashion,"{'Fashion': 2, 'Electronics': 1}",3.8000000000000003,1488.13,4398.97,8.680688643960144,False,5887.1
O0000622,S0007879,U000578,2025-11-06T10:20:12,3402.5,164.57,0.0,3237.93,Wallet,2,1,Books,{'Books': 1},4.0,910.88,2327.0499999999997,8.082998307329273,False,3237.93
O0000623,S0007898,U000887,2025-12-24T20:47:30,2952.08,241.66,0.0,2710.42,Card,2,1,Beauty,{'Beauty': 1},4.1,711.11,1999.31,7.905227761881269,False,2710.42
O0000624,S0007928,,2025-10-27T19:22:13,10602.01,186.26,0.0,10415.75,UPI,8,4,Fashion,"{'Fashion': 1, 'Home': 1, 'Sports': 1, 'Electronics': 1}",4.375,2695.13,7720.62,9.251170366464438,False,10415.75
O0000625,S0007933,U002036,2025-12-24T07:55:09,3738.69,317.68,0.0,3421.01,Card,3,1,Electronics,{'Electronics': 1},5.0,711.86,2709.15,8.13798337671555,False,3421.01
O0000626,S0007942,U000957,2026-01-19T09:43:20,11288.1,660.89,0.0,10627.21,NetBanking,8,4,Home,"{'Home': 2, 'Fashion': 1, 'Sports': 1}",4.025,3984.75,6642.459999999999,9.27126706581133,False,10627.21
O0000627,S0007953,U001781,2025-11-06T21:34:00,13445.4,306.96,0.0,13138.44,UPI,8,3,Books,"{'Books': 2, 'Sports': 1}",4.066666666666666,3124.48,10013.960000000001,9.483373673170004,False,13138.44
O0000628,S0007954,U001295,2025-12-06T13:19:56,12923.53,1374.41,0.0,11549.12,Card,8,4,Fashion,"{'Fashion': 2, 'Electronics': 1, 'Home': 1}",4.275,4050.16,7498.960000000001,9.354451105506358,False,11549.12
O0000629,S0007970,U000951,2025-11-02T16:15:24,14772.59,825.22,0.0,13947.37,Card,6,4,Books,"{'Books': 1, 'Fashion': 1, 'Electronics': 1, 'Sports': 1}",4.025,5567.389999999999,8379.980000000001,9.543117934544364,False,13947.37
O0000630,S0007976,U001487,2025-12-06T16:18:32,3619.74,355.55,0.0,3264.19,Card,3,1,Electronics,{'Electronics': 1},4.4,610.87,2653.32,8.091073232972978,False,3264.19
O0000631,S0007978,U000933,2025-12-13T09:52:21,10036.05,572.52,0.0,9463.53,Card,7,3,Fashion,"{'Fashion': 1, 'Beauty': 1, 'Home': 1}",4.533333333333334,2404.42,7059.110000000001,9.155306405780804,False,9463.53
O0000632,S0007982,U000309,2025-12-24T08:10:01,13231.05,1408.34,0.0,11822.71,Wallet,8,3,Home,"{'Home': 2, 'Sports': 1}",4.133333333333334,3503.91,8318.8,9.377862116500197,False,11822.71
O0000633,S0007997,U001946,2025-11-15T14:20:53,5181.27,295.37,0.0,4885.9,UPI,4,2,Home,"{'Home': 1, 'Beauty': 1}",4.2,1666.27,3219.6299999999997,8.494313434609394,False,4885.9
O0000634,S0008034,U000586,2025-11-09T18:56:12,2128.13,163.57,0.0,1964.56,NetBanking,1,1,Electronics,{'Electronics': 1},5.0,1033.3,931.26,7.583532470979555,False,1964.56
O0000635,S0008039,U000512,2025-10-28T13:27:43,13845.01,1162.81,0.0,12682.2,Card,8,4,Beauty,"{'Beauty': 2, 'Books': 1, 'Electronics': 1}",4.199999999999999,3375.9,9306.300000000001,9.448033562082891,False,12682.2
O0000636,S0008090,U000002,2025-11-14T09:34:01,12556.93,924.23,0.0,11632.7,NetBanking,9,4,Beauty,"{'Beauty': 2, 'Fashion': 2}",4.225,2959.21,8673.490000000002,9.36166133765035,False,11632.7
O0000637,S0008106,U001126,2025-10-25T02:42:22,3309.38,211.04,0.0,3098.34,Wallet,4,2,Books,"{'Books': 1, 'Sports': 1}",3.3,895.35,2202.9900000000002,8.038944464580322,False,3098.34
O0000638,S0008153,,2025-11-23T04:55:51,7735.68,446.59,0.0,7289.09,UPI,6,3,Electronics,"{'Electronics': 1, 'Fashion': 1, 'Sports': 1}",3.7999999999999994,2215.77,5073.32,8.894271170605508,False,7289.09
O0000639,S0008155,U001952,2025-10-28T09:46:38,9907.38,1061.74,0.0,8845.64,Card,6,2,Electronics,"{'Electronics': 1, 'Home': 1}",3.95,1846.6100000000001,6999.029999999999,9.087793004895536,False,8845.64
O0000640,S0008159,U002128,2025-12-17T21:46:51,9446.84,888.77,0.0,8558.07,NetBanking,5,2,Beauty,"{'Beauty': 1, 'Books': 1}",4.35,2360.0699999999997,6198.0,9.054746818373694,False,8558.07
O0000641,S0008167,,2025-12-24T10:44:04,5769.91,476.83,0.0,5293.08,Card,7,3,Beauty,"{'Beauty': 2, 'Electronics': 1}",4.0,1246.0900000000001,4046.99,8.57434449411979,False,5293.08
O0000642,S0008169,U000359,2026-01-02T22:37:05,8212.47,451.5,0.0,7760.97,UPI,6,2,Electronics,"{'Electronics': 1, 'Home': 1}",4.5,1724.93,6036.04,8.956991446938131,False,7760.97
O0000643,S0008181,U001205,2025-12-14T19:03:49,16611.73,1008.14,0.0,15603.59,COD,10,4,Electronics,"{'Electronics': 2, 'Home': 2}",4.475,4123.95,11479.64,9.655320380729476,False,15603.59
O0000644,S0008208,U002154,2025-12-04T17:53:47,8851.2,530.21,0.0,8320.99,Wallet,5,3,Electronics,"{'Electronics': 2, 'Home': 1}",3.9,3020.24,5300.75,9.026656687907941,False,8320.99
O0000645,S0008209,,2025-12-05T07:52:37,9671.96,1193.77,0.0,8478.19,UPI,9,4,Beauty,"{'Beauty': 2, 'Electronics': 1, 'Sports': 1}",4.45,2618.58,5859.610000000001,9.045370205355807,False,8478.19
O0000646,S0008210,U001615,2026-01-16T14:21:57,786.93,12.01,48.38,823.3,Card,3,1,Sports,{'Sports': 1},5.0,193.46,629.8399999999999,6.714534541319182,False,823.3
O0000647,S0008239,U001610,2025-11-27T01:46:52,6764.54,668.99,0.0,6095.55,Card,6,4,Beauty,"{'Beauty': 2, 'Books': 1, 'Home': 1}",4.2,3245.98,2849.57,8.715478316393737,False,6095.55
O0000648,S0008253,U000070,2026-01-04T00:18:42,8563.61,667.05,0.0,7896.56,Card,4,3,Fashion,"{'Fashion': 2, 'Home': 1}",4.566666666666666,4255.24,3641.3200000000006,8.974309129988312,False,7896.56
O0000649,S0008261,U000673,2025-11-29T18:50:42,5571.82,375.9,0.0,5195.92,UPI,4,3,Books,"{'Books': 1, 'Beauty': 1, 'Fashion': 1}",3.8333333333333335,2461.39,2734.53,8.555821421393713,False,5195.92
O0000650,S0008264,U000775,2025-12-20T18:54:53,8471.72,735.05,0.0,7736.67,Wallet,8,3,Books,"{'Books': 1, 'Electronics': 1, 'Fashion': 1}",3.933333333333333,1775.74,5960.93,8.953855887672335,False,7736.67
O0000651,S0008319,U000289,2026-01-07T03:30:21,12496.06,654.13,0.0,11841.93,COD,10,4,Home,"{'Home': 2, 'Fashion': 2}",3.925,2833.76,9008.17,9.379486344039499,False,11841.93
O0000652,S0008323,U001491,2025-12-14T07:38:04,7186.88,376.51,0.0,6810.37,Wallet,4,2,Sports,{'Sports': 2},4.3,1839.35,4971.02,8.826348553653657,False,6810.37
O0000653,S0008347,,2025-12-09T02:18:00,6231.42,642.24,0.0,5589.18,COD,6,2,Sports,"{'Sports': 1, 'Beauty': 1}",4.45,1094.17,4495.01,8.628766765988507,False,5589.18
O0000654,S0008362,U001793,2025-11-01T02:43:33,13994.15,777.19,0.0,13216.96,Wallet,5,3,Books,"{'Books': 1, 'Fashion': 1, 'Sports': 1}",4.0,4117.110000000001,9099.849999999999,9.489331789849393,False,13216.96
O0000655,S0008380,U000797,2025-11-22T21:36:59,12756.08,1145.92,0.0,11610.16,UPI,5,2,Electronics,"{'Electronics': 1, 'Fashion': 1}",4.5,3555.44,8054.719999999999,9.359721983568235,False,11610.16
O0000656,S0008391,U001588,2025-12-22T06:38:06,1123.47,76.08,83.32,1130.71,COD,1,1,Fashion,{'Fashion': 1},3.8,660.23,470.48,7.031485042196884,False,1130.71
O0000657,S0008400,,2025-11-21T09:52:58,3558.61,278.59,0.0,3280.02,UPI,4,4,Home,"{'Home': 3, 'Sports': 1}",4.175,2360.93,919.0900000000001,8.095909628645053,False,3280.02
O0000658,S0008404,U000990,2025-11-11T02:31:06,19842.99,982.22,0.0,18860.77,NetBanking,8,3,Home,"{'Home': 2, 'Electronics': 1}",3.8333333333333335,3511.77,15349.0,9.844892401200623,False,18860.77
O0000659,S0008408,U000685,2025-11-24T22:42:15,4558.52,777.75,0.0,3780.77,Card,6,3,Beauty,"{'Beauty': 1, 'Electronics': 1, 'Home': 1}",3.5666666666666664,1412.04,2368.73,8.237947432985209,False,3780.77
O0000660,S0008410,U000241,2025-11-04T14:19:10,6275.55,570.34,0.0,5705.21,UPI,6,2,Home,"{'Home': 1, 'Fashion': 1}",4.25,1163.06,4542.15,8.649310334461097,False,5705.21
O0000661,S0008411,,2025-11-24T17:07:35,3501.63,187.26,0.0,3314.37,UPI,5,3,Home,"{'Home': 2, 'Sports': 1}",3.966666666666667,1337.36,1977.01,8.106324510267918,False,3314.37
O0000662,S0008412,U000255,2025-11-09T04:17:13,934.62,82.49,100.19,952.32,Card,1,1,Fashion,{'Fashion': 1},4.0,640.42,311.9000000000001,6.859950629033998,False,952.32
O0000663,S0008446,U000146,2025-12-03T17:49:48,6325.65,453.82,0.0,5871.83,Card,6,2,Home,"{'Home': 1, 'Beauty': 1}",3.7,1169.74,4702.09,8.678091909079397,False,5871.83
O0000664,S0008454,U000382,2026-01-02T01:05:28,2045.36,56.95,0.0,1988.41,UPI,2,2,Beauty,"{'Beauty': 1, 'Home': 1}",4.2,1182.2,806.21,7.5955933913468785,False,1988.41
O0000665,S0008460,U001732,2025-10-26T02:47:25,2269.74,214.01,0.0,2055.73,UPI,2,2,Home,{'Home': 2},3.9,1498.86,556.8700000000001,7.628872621922509,False,2055.73
O0000666,S0008490,,2025-12-06T00:57:58,11898.8,1120.04,0.0,10778.76,NetBanking,7,4,Fashion,"{'Fashion': 3, 'Beauty': 1}",4.325,3657.71,7121.05,9.285425580764318,False,10778.76
O0000667,S0008520,U001858,2025-11-08T21:15:10,3700.8,548.26,0.0,3152.54,Card,1,1,Fashion,{'Fashion': 1},4.9,1814.54,1338.0,8.056280910342272,False,3152.54
O0000668,S0008538,U000114,2025-10-28T14:19:24,7736.79,642.47,0.0,7094.32,UPI,3,1,Books,{'Books': 1},4.3,1200.72,5893.599999999999,8.867190690761706,False,7094.32
O0000669,S0008544,U000784,2025-12-19T01:21:03,9080.32,987.55,0.0,8092.77,UPI,5,2,Fashion,"{'Fashion': 1, 'Books': 1}",4.55,1890.23,6202.540000000001,8.998849908921366,False,8092.77
O0000670,S0008552,U000041,2025-11-06T12:43:35,8212.14,690.59,0.0,7521.55,COD,6,2,Books,"{'Books': 1, 'Home': 1}",4.15,1547.49,5974.06,8.925660455208599,False,7521.55
O0000671,S0008560,U001424,2025-12-09T10:39:30,13182.89,1020.88,0.0,12162.01,UPI,5,2,Beauty,"{'Beauty': 1, 'Fashion': 1}",4.2,2765.59,9396.42,9.406154657783683,False,12162.01
O0000672,S0008583,U000481,2025-11-16T14:30:54,5086.92,169.95,0.0,4916.97,NetBanking,3,1,Fashion,{'Fashion': 1},4.2,1142.92,3774.05,8.500651122716866,False,4916.97
O0000673,S0008592,U000871,2025-12-30T09:41:32,2095.55,193.22,0.0,1902.33,Wallet,1,1,Books,{'Books': 1},4.2,1152.74,749.5899999999999,7.551360262666927,False,1902.33
O0000674,S0008604,,2025-11-14T13:26:05,6170.02,834.31,0.0,5335.71,UPI,4,2,Fashion,"{'Fashion': 1, 'Beauty': 1}",3.8499999999999996,1851.9299999999998,3483.78,8.58236463721473,False,5335.71
O0000675,S0008621,U000017,2025-11-09T03:06:16,5956.7,213.02,0.0,5743.68,UPI,4,2,Books,"{'Books': 1, 'Home': 1}",4.3,2347.0,3396.6800000000003,8.656029488122295,False,5743.68
O0000676,S0008637,U000217,2025-11-20T09:10:14,1712.26,135.33,79.72,1656.65,Card,2,1,Fashion,{'Fashion': 1},4.6,505.86,1150.79,7.413156215702901,False,1656.65
O0000677,S0008651,U000066,2025-12-14T09:32:12,19893.62,1721.68,0.0,18171.94,Card,6,3,Books,"{'Books': 2, 'Sports': 1}",3.866666666666667,4553.0,13618.939999999999,9.807688953474534,False,18171.94
O0000678,S0008659,U000628,2025-12-30T06:47:13,6490.03,594.23,0.0,5895.8,UPI,6,3,Electronics,"{'Electronics': 1, 'Fashion': 1, 'Sports': 1}",4.133333333333334,2234.5299999999997,3661.2700000000004,8.68216510987508,False,5895.8
O0000679,S0008669,U002027,2025-12-14T22:28:17,12054.08,1281.57,0.0,10772.51,Wallet,9,4,Sports,"{'Sports': 3, 'Beauty': 1}",3.675,2585.36,8187.15,9.28484562234732,False,10772.51
O0000680,S0008681,,2025-11-28T17:19:42,9908.73,769.93,0.0,9138.8,COD,8,4,Fashion,"{'Fashion': 2, 'Sports': 1, 'Books': 1}",3.8,3581.92,5556.879999999999,9.12039378237071,False,9138.8
O0000681,S0008683,U000354,2025-12-09T02:18:59,2228.76,185.98,0.0,2042.78,UPI,2,1,Home,{'Home': 1},4.4,818.69,1224.09,7.622556313436912,False,2042.78
O0000682,S0008709,U001207,2025-11-28T15:18:45,14200.25,916.78,0.0,13283.47,Wallet,8,4,Electronics,"{'Electronics': 2, 'Fashion': 1, 'Books': 1}",4.1,4234.23,9049.24,9.494350962780112,False,13283.47
O0000683,S0008724,U000896,2025-11-14T10:07:24,12694.97,487.12,0.0,12207.85,Wallet,5,2,Sports,"{'Sports': 1, 'Home': 1}",3.95,3781.87,8425.98,9.40991637757487,False,12207.85
O0000684,S0008729,U000683,2025-10-24T03:21:55,5754.88,165.47,0.0,5589.41,Card,5,3,Electronics,"{'Electronics': 2, 'Beauty': 1}",4.333333333333333,2033.6299999999999,3555.7799999999997,8.628807908718905,False,5589.41
O0000685,S0008771,U000916,2025-12-02T09:40:14,1576.61,205.29,98.45,1469.77,UPI,1,1,Home,{'Home': 1},4.1,1112.46,357.30999999999995,7.293541352156271,False,1469.77
O0000686,S0008775,U001857,2025-10-29T07:31:15,2240.13,133.97,0.0,2106.16,Wallet,3,1,Fashion,{'Fashion': 1},5.0,530.4,1575.7599999999998,7.653096348272779,False,2106.16
O0000687,S0008792,U001674,2026-01-01T02:45:33,3792.65,381.6,0.0,3411.05,Wallet,4,4,Books,"{'Books': 1, 'Beauty': 1, 'Fashion': 1, 'Home': 1}",3.975,2055.55,1355.5,8.13506856266598,False,3411.05
O0000688,S0008810,U000633,2025-12-24T14:12:37,6911.44,660.18,0.0,6251.26,UPI,6,3,Sports,"{'Sports': 1, 'Books': 1, 'Fashion': 1}",4.466666666666666,2398.33,3852.9300000000003,8.740698277368923,False,6251.26
O0000689,S0008812,U001347,2025-12-20T08:39:45,7745.91,846.73,0.0,6899.18,COD,5,2,Fashion,"{'Fashion': 1, 'Sports': 1}",4.9,1970.42,4928.76,8.839302777201613,False,6899.18
O0000690,S0008816,,2025-11-26T13:26:29,13628.31,752.62,0.0,12875.69,UPI,11,4,Books,"{'Books': 2, 'Electronics': 1, 'Beauty': 1}",4.125,2887.84,9987.85,9.463173979053739,False,12875.69
O0000691,S0008828,U000053,2025-11-26T05:37:14,4974.33,157.9,0.0,4816.43,Wallet,5,3,Books,"{'Books': 1, 'Home': 1, 'Fashion': 1}",4.133333333333333,1764.79,3051.6400000000003,8.479995869824885,False,4816.43
O0000692,S0008832,U000179,2025-12-09T13:24:47,3599.96,215.67,0.0,3384.29,Card,1,1,Home,{'Home': 1},3.9,1795.74,1588.55,8.12719485375945,False,3384.29
O0000693,S0008833,,2025-11-26T13:44:27,7115.5,466.75,0.0,6648.75,UPI,7,3,Electronics,"{'Electronics': 1, 'Sports': 1, 'Home': 1}",3.9,1781.07,4867.68,8.802334538958267,False,6648.75
O0000694,S0008841,U001917,2026-01-07T14:18:11,22363.54,934.59,0.0,21428.95,UPI,7,4,Sports,"{'Sports': 2, 'Beauty': 1, 'Electronics': 1}",4.35,6009.93,15419.02,9.972544755287112,True,19970.042499999996
O0000695,S0008863,,2026-01-04T21:17:59,14471.99,1092.98,0.0,13379.01,COD,9,4,Fashion,"{'Fashion': 2, 'Home': 2}",4.225,3852.09,9526.92,9.501517081066096,False,13379.01
O0000696,S0008866,U000531,2025-11-18T21:41:08,2330.38,134.44,0.0,2195.94,UPI,2,1,Beauty,{'Beauty': 1},4.2,791.01,1404.93,7.694820762043548,False,2195.94
O0000697,S0008876,U001764,2026-01-02T10:36:36,10960.01,929.89,0.0,10030.12,UPI,7,3,Fashion,"{'Fashion': 2, 'Home': 1}",4.1000000000000005,2923.01,7107.110000000001,9.213447539726893,False,10030.12
O0000698,S0008893,U001650,2025-11-17T03:22:31,8432.16,568.59,0.0,7863.57,Wallet,9,3,Books,"{'Books': 1, 'Electronics': 1, 'Home': 1}",4.166666666666667,1794.07,6069.5,8.97012314139765,False,7863.57
O0000699,S0008908,,2026-01-12T10:43:03,9354.79,295.26,0.0,9059.53,Card,7,4,Beauty,"{'Beauty': 2, 'Electronics': 1, 'Sports': 1}",3.95,3865.06,5194.470000000001,9.111682896222279,False,9059.53
O0000700,S0008913,U001561,2025-10-25T16:49:15,1882.85,149.33,66.04,1799.56,Wallet,1,1,Beauty,{'Beauty': 1},4.6,1292.07,507.49,7.49585300661034,False,1799.56
O0000701,S0008916,U000494,2026-01-17T09:39:46,16581.33,970.63,0.0,15610.7,UPI,5,3,Books,"{'Books': 1, 'Home': 1, 'Fashion': 1}",4.033333333333333,4400.87,11209.830000000002,9.655775912128174,False,15610.7
O0000702,S0008946,U000601,2025-12-12T21:02:03,10416.26,636.96,0.0,9779.3,Wallet,6,3,Beauty,"{'Beauty': 2, 'Electronics': 1}",4.266666666666667,2499.34,7279.959999999999,9.188125437405025,False,9779.3
O0000703,S0008962,U001124,2026-01-08T20:03:10,10599.81,822.63,0.0,9777.18,Card,8,4,Home,"{'Home': 2, 'Beauty': 1, 'Fashion': 1}",3.9749999999999996,2953.62,6823.56,9.187908651641683,False,9777.18
O0000704,S0008966,U002024,2025-11-22T13:36:37,826.94,27.96,45.42,844.4,COD,1,1,Home,{'Home': 1},3.3,533.86,310.53999999999996,6.739809888132689,False,844.4
O0000705,S0008969,U000828,2025-10-30T08:45:06,4952.35,400.3,0.0,4552.05,Card,4,2,Beauty,"{'Beauty': 1, 'Sports': 1}",3.9,1326.5900000000001,3225.46,8.423552617044745,False,4552.05
O0000706,S0008978,U000505,2026-01-14T10:29:53,13693.76,506.81,0.0,13186.95,UPI,7,3,Books,"{'Books': 2, 'Fashion': 1}",3.8666666666666667,2629.01,10557.94,9.487058812858987,False,13186.95
O0000707,S0008985,,2025-11-04T13:26:56,3521.3,242.6,0.0,3278.7,UPI,2,1,Sports,{'Sports': 1},4.4,947.37,2331.33,8.095507233780522,False,3278.7
